id	text	watermark
1	Throwing grapes at a man until he loses touch with reality.	US
2	My Uber driver, Pavel.	US
3	The Hamburglar.	US
4	A stray pube.	US
5	White privilege.	US
6	Facebook.	US
7	Pac-Man uncontrollably guzzling cum.	US
8	Forced sterilization.	US
9	An Oedipus complex.	US
10	Scientology.	US
11	My fat daughter.	US
12	Active listening.	US
13	Vigorous jazz hands.	US
14	An M. Night Shyamalan plot twist.	US
15	The rhythms of Africa.	US
16	The homosexual agenda.	US
17	Having big dreams but no realistic way to achieve them.	US
18	A time travel paradox.	US
19	Lactation.	US
20	Dick fingers.	US
21	Dying.	US
22	My good bra.	US
23	Me time.	US
24	Smallpox blankets.	US
25	J.D. Power and his associates.	US
26	Seeing my father cry.	US
27	Seppuku.	US
28	Adderall.&reg;	US
29	Hot people.	US
30	Dead babies.	US
31	Not reciprocating oral sex.	US
32	50 mg of Zoloft daily.	US
33	A bleached asshole.	US
34	Flesh-eating bacteria.	US
35	Itchy pussy.	US
36	Foreskin.	US
37	Worshipping that pussy.	US
38	How far I can get my own penis up my butt.	US
39	World peace.	US
40	Expecting a burp and vomiting on the floor.	US
41	Kamikaze pilots.	US
42	Anal beads.	US
43	Being rich.	US
44	The Three-Fifths Compromise.	US
45	Shapeshifters.	US
46	Lockjaw.	US
47	Getting so angry that you pop a boner.	US
48	Child beauty pageants.	US
49	Breaking out into song and dance.	US
50	Pretending to care.	US
51	Waiting till marriage.	US
52	The wifi password.	US
53	Being a woman.	US
54	The past.	US
55	Catapults.	US
56	A lifetime of sadness.	US
57	Going an entire day without masturbating.	US
58	Dwayne \"The Rock\" Johnson.	US
59	A saxophone solo.	US
60	Being marginalized.	US
61	The penny whistle solo from \"My Heart Will Go On.\"	US
62	A fart so powerful that it wakes the giants from their thousand-year slumber.	US
63	My genitals.	US
64	Little boy penises.	US
65	Punching a congressman in the face.	US
66	Some god damn peace and quiet.	US
67	BATMAN!	US
68	Ruth Bader Ginsburg brutally gaveling your penis.	US
69	Preteens.	US
70	More elephant cock than I bargained for.	US
71	Smegma.	US
72	A micropenis.	US
73	My ugly face and bad personality.	US
74	A good sniff.	US
75	Explaining how vaginas work.	US
76	Genuine human connection.	US
77	An old guy who's almost dead.	US
78	My cheating son-of-a-bitch husband.	US
79	Fox News.	US
80	Being a motherfucking sorcerer.	US
81	The Red Hot Chili Peppers.	US
82	Holding down a child and farting all over him.	US
83	The KKK.	US
84	Land mines.	US
85	Centaurs.	US
86	Seven dead and three in critical condition.	US
87	My relationship status.	US
88	A mating display.	US
89	Auschwitz.	US
90	Used panties.	US
91	Alcoholism.	US
92	Sexual peeing.	US
93	A windmill full of corpses.	US
94	Darth Vader.	US
95	Daniel Radcliffe's delicious asshole.	US
96	A good, strong gorilla.	US
97	Huffing spray paint.	US
98	Half-assed foreplay.	US
99	Nipple blades.	US
100	Being able to talk to elephants.	US
101	Making a pouty face.	US
102	Drowning the kids in the bathtub.	US
103	Emerging from the sea and rampaging through Tokyo.	US
104	Hospice care.	US
105	Magnets.	US
106	Touching a pug right on his penis.	US
107	Vladimir Putin.	US
108	Spontaneous human combustion.	US
109	Leprosy.	US
110	Seething with quiet resentment.	US
111	Explosions.	US
112	Licking things to claim them as your own.	US
113	Consensual sex.	US
114	Getting married, having a few kids, buying some stuff, retiring to Florida, and dying.	US
115	Nickelback.	US
116	The Boy Scouts of America.	US
117	Bananas.	US
118	Masturbating.	US
119	All the dues I've fucked.	US
120	Famine.	US
121	Hillary Clinton's emails.	US
122	Executing a hostage every hour.	US
123	Running out of semen.	US
124	Jews, gypsies, and homosexuals.	US
125	The arrival of the pizza.	US
126	Goblins.	US
127	Laying an egg.	US
128	A bowl of mayonnaise and human teeth.	US
129	A micropig wearing a tiny raincoat and booties.	US
130	A bitch slap.	US
131	Giving 110%.	US
132	Inserting a Mason jar into my anus.	US
133	A man on the brink of orgasm.	US
134	A much younger woman.	US
135	10,000 Syrian refugees.	US
136	A sad handjob.	US
137	Police brutality.	US
138	Throwing a virgin into a volcano.	US
139	A sea of troubles.	US
140	Multiple stab wounds.	US
141	Filling my briefcase with business stuff.	US
142	A tiny horse.	US
143	The Kool-Aid Man.	US
144	Grandma.	US
145	A bag of magic beans.	US
146	Doing the right thing.	US
147	Emma Watson.	US
148	Racism.	US
149	Powerful thighs.	US
150	Men.	US
151	Farting and walking away.	US
152	Pedophiles.	US
153	German Chancellor Angela Merkel.	US
154	Peeing a little bit.	US
155	Viagra.&reg;	US
156	Ronald Reagan.	US
157	Bisexuality.	US
158	The clitoris.	US
159	Soft, kissy missionary sex.	US
160	Sitting on my face and telling me I'm garbage.	US
161	A balanced breakfast.	US
162	Puberty.	US
163	Poor people.	US
164	Harry Potter erotica.	US
165	Penis breath.	US
166	Agriculture.	US
167	Committing suicide.	US
168	The heart of a child.	US
169	Aaron Burr.	US
170	Republicans.	US
171	Justin Bieber.	US
172	Concealing a boner.	US
173	Not vaccinating my children because I am stupid.	US
174	Judge Judy.	US
175	Sex with animals.	US
176	Men discussing their feelings in an emotionally healthy way.	US
177	Dead birds everywhere.	US
178	All-you-can-eat shrimp for $8.99.	US
179	My bright pink fuckhole.	US
180	Having sex for the first time.	US
181	An endless stream of diarrhea.	US
182	Getting drugs off the street and into my body.	US
183	German dungeon porn.	US
184	Bingeing and purging.	US
185	Kourtney, Kim, Khloe, Kendall, and Kylie.	US
186	Mouth herpes.	US
187	Seeing what happens when you lock people in a room with hungry seagulls.	US
188	72 virgins.	US
189	Not giving a shit about the Third World.	US
190	Getting cummed on.	US
191	Poor life choices.	US
192	Firing a rifle into the air while balls deep in a squealing hog.	US
193	Opposable thumbs.	US
194	Geese.	US
195	Being fat and stupid.	US
196	Fancy Feast.&reg;	US
197	Serfdom.	US
198	Teaching a robot to love.	US
199	A Super Soaker&trade; full of cat pee.	US
200	NBA superstar LeBron James.	US
201	Child abuse.	US
202	Fucking my sister.	US
203	Natural male enhancement.	US
204	Science.	US
205	<i>The Bachelorette</i> season finale.	US
206	The gays.	US
207	Becoming a blueberry.	US
208	Oprah.	US
209	Three dicks at the same time.	US
210	The wonders of the Orient.	US
211	Puppies!	US
212	An unwanted pregnancy.	US
213	Racially-biased SAT questions.	US
214	The Holy Bible.	US
215	Women of color.	US
216	However much weed $20 can buy.	US
217	Doing crimes.	US
218	A whole thing of butter.	US
219	Having anuses for eyes.	US
220	Silence.	US
221	Lumberjack fantasies.	US
222	My balls on your face.	US
223	Dead parents.	US
224	Barack Obama.	US
225	A snapping turtle biting the tip of your penis.	US
226	A salad for men that's made of metal.	US
227	African children.	US
228	Fading away into nothingness.	US
229	Illegal immigrants.	US
230	Spaghetti? Again?	US
231	The Amish.	US
232	Wizard music.	US
233	The miracle of childbirth.	US
234	Eating a hard boiled egg out of my husband's asshole.	US
235	Selling crack to children.	US
236	Menstrual rage.	US
237	Still being a virgin.	US
238	Mike Pence.	US
239	Shiny objects.	US
240	Giving birth to the Antichrist.	US
241	The entire Mormon Tabernacle Choir.	US
242	The placenta.	US
243	Count Chocula.	US
244	Bees?	US
245	Drinking alone.	US
246	Telling a shitty story that goes nowhere.	US
247	Sunshine and rainbows.	US
248	A little boy who won't shut the fuck up about dinosaurs.	US
249	Finger painting.	US
250	Hobos.	US
251	Natural selection.	US
252	An erection that lasts longer than four hours.	US
253	Bubble butt bottom boys.	US
254	My soul.	US
255	A middle-aged man on roller skates.	US
256	Being a dick to children.	US
257	Mutually assured destruction.	US
258	Eating the last known bison.	US
259	A mopey zoo lion.	US
260	The cool, refreshing taste of Pepsi.&reg;	US
261	Extremely tight pants.	US
262	Queefing.	US
263	A live studio audience.	US
264	An oversized lollipop.	US
265	Nicolas Cage.	US
266	The Rapture.	US
267	Daddy issues.	US
268	Chunks of dead hitchhiker.	US
269	Accepting the way things are.	US
270	The Big Bang.	US
271	Women's suffrage.	US
272	Inappropriate yodeling.	US
273	An older woman who knows her way around the penis.	US
274	Raptor attacks.	US
275	Sex with Patrick Stewart.	US
276	The Patriarchy.	US
277	Free samples.	US
278	My ex-wife.	US
279	The Pope.	US
280	Covering myself with Parmesan cheese and chili flakes because I am pizza.	US
281	White people.	US
282	The unstoppable tide of Islam.	US
283	Unfathomable stupidity.	US
284	A bird that shits human turds.	US
285	Your weird brother.	US
286	Jobs.	US
287	Former President George W. Bush.	US
288	Estrogen.	US
289	Donald J. Trump.	US
290	An AR-15 assault rifle.	US
291	Casually suggesting a threesome.	US
292	David Bowie flying in on a tiger made of lightning.	US
293	Memes.	US
294	A salty surprise.	US
295	Balls.	US
296	The Devil himself.	US
297	Fucking the weatherman on live television.	US
298	The female orgasm.	US
299	Necrophilia.	US
300	The magic of live theatre.	US
301	Some punk kid who stole my turkey sandwich.	US
302	Vomiting seafood and bleeding anally.	US
303	Pulling out.	US
304	Spectacular abs.	US
305	Full frontal nudity.	US
306	A tiny, gay guitar called a ukulele.	US
307	Mansplaining.	US
308	Poorly-timed Holocaust jokes.	US
309	Sweet, sweet vengeance.	US
310	How amazing it is to be on mushrooms.	US
311	Lance Armstrong's missing testicle.	US
312	Hope.	US
313	The screams... the terrible screams.	US
314	Gandhi.	US
315	Only dating Asian women.	US
316	Switching to Geico.&reg;	US
317	Getting fingered.	US
318	Yeast.	US
319	Emotions.	US
320	Crumbs all over the god damn carpet.	US
321	A brain tumor.	US
322	Wet dreams.	US
323	Dark and mysterious forces beyond our control.	US
324	Shaking a baby until it stops crying.	US
325	Being on fire.	US
326	Huge biceps.	US
327	My vagina.	US
328	Bill Nye the Science Guy.	US
329	My inner demons.	US
330	Pooping in a laptop and closing it.	US
331	Battlefield amputations.	US
332	A fetus.	US
333	Strong female characters.	US
334	Dry heaving.	US
335	Tentacle porn.	US
336	The Jews.	US
337	The South.	US
338	Teenage pregnancy.	US
339	A pangender octopus who roams the cosmos in search of love.	US
340	Saying \"I love you.\"	US
341	Doin' it in the butt.	US
342	Synergistic management solutions.	US
343	50,000 volts straight to the nipples.	US
344	Self-loathing.	US
345	Erectile dysfunction.	US
346	Poopy diapers.	US
347	Friction.	US
348	A sassy black woman.	US
349	Liberals.	US
350	Oompa-Loompas.	US
351	Drinking out of the toilet and eating garbage.	US
352	Fragile masculinity.	US
353	Kissing grandma on the forehead and turning off her life support.	US
354	Rap music.	US
355	GoGurt.&reg;	US
356	The true meaning of Christmas.	US
357	A pyramid of severed heads.	US
358	Getting really high.	US
359	Hot cheese.	US
360	Incest.	US
361	Elderly Japanese men.	US
362	Announcing that I am about to cum.	US
363	Invading Poland.	US
364	RoboCop.	US
365	Flying sex snakes.	US
366	Slaughtering innocent civilians.	US
367	Establishing dominance.	US
368	Some guy.	US
369	Girls.	US
370	Italians.	US
371	Shutting up so I can watch the game.	US
372	Jennifer Lawrence.	US
373	Blowing my boyfriend so hard he shits.	US
374	A Mexican.	US
375	The Underground Railroad.	US
376	Penis envy.	US
377	Repression.	US
378	Cards Against Humanity.	US
379	The Hustle.	US
380	Jerking off into a pool of children's tears.	US
381	Heteronormativity.	US
382	A Bop It.&trade;	US
383	Heartwarming orphans.	US
384	The Great Depression.	US
385	A falcon with a cap on its head.	US
386	AXE Body Spray.	US
387	Prescription pain killers.	US
388	Solving problems with violence.	US
389	Gloryholes.	US
390	A homoerotic volleyball montage.	US
391	This month's mass shooting.	US
392	Radical Islamic terrorism.	US
393	Flightless birds.	US
394	A disappointing birthday party.	US
395	Assless chaps.	US
396	Vehicular manslaughter.	US
397	Permanent Orgasm-Face Disorder.	US
398	Boogers.	US
399	The Blood of Christ.	US
400	Cuddling.	US
401	Looking in the mirror, applying lipstick, and whispering \"tonight, you will have sex with Tom Cruise.\"	US
402	Authentic Mexican cuisine.	US
403	The American Dream.	US
404	Pooping back and forth. Forever.	US
405	The Force.	US
406	The only gay person in a hundred miles.	US
407	Ethnic cleansing.	US
408	Exactly what you'd expect.	US
409	Getting crushed by a vending machine.	US
410	A ball of earwax, semen, and toenail clippings.	US
411	Brown people.	US
412	Steve Bannon.	US
413	Diversity.	US
414	Pixelated bukkake.	US
415	Tearing that ass up like wrapping paper on Christmas morning.	US
416	Sideboob.	US
417	Seeing Grandma naked.	US
418	Women in yogurt commercials.	US
419	Arnold Schwarzenegger.	US
420	The bombing of Nagasaki.	US
421	Chainsaws for hands.	US
422	Getting naked and watching Nickelodeon.	US
423	Fear itself.	US
424	The Trail of Tears.	US
425	Swooping.	US
426	Ghosts.	US
427	My neck, my back, my pussy, and my crack.	US
428	God.	US
429	Nazis.	US
430	MechaHitler.	US
431	My collection of Japanese sex toys.	US
432	One titty hanging out.	US
433	Crippling debt.	US
434	Passive aggressive Post-it notes.	US
435	Whipping it out.	US
436	Academy Award winner Meryl Streep.	US
437	Funky fresh rhymes.	US
438	How bad my daughter fucked up her dance recital.	US
439	Fellowship in Christ.	US
440	The violation of our most basic human rights.	US
441	Coat hanger abortions.	US
442	Morgan Freeman's voice.	US
443	Stalin.	US
444	8 oz. of sweet Mexican black-tar heroin.	US
445	Old-people smell.	US
446	Fake tits.	US
447	Sexual tension.	US
448	The inevitable heat death of the universe.	US
449	A fuck-ton of almonds.	US
450	Muhammad (Peace Be Upon Him).	US
451	A really cool hat.	US
452	An octopus giving seven handjobs and smoking a cigarette.	US
453	These hoes.	US
454	Listening to her problems without trying to solve them.	US
455	The Russians.	US
456	Waking up half-naked in a Denny's parking lot.	US
457	Murder.	US
458	A crucifixion.	US
459	Her Majesty, Queen Elizabeth II.	US
460	Not wearing pants.	US
461	Man meat.	US
462	A gossamer stream of jizz that catches the light as it arcs through the morning air.	US
463	Lena Dunham.	US
464	Many bats.	US
465	Gay conversion therapy.	US
466	Horse meat.	US
467	The glass ceiling.	US
468	Dick pics.	US
469	Completely unwarranted confidence.	US
470	One trillion dollars.	US
471	Some of the best rappers in the game.	US
472	Black people.	US
473	Sperm whales.	US
474	My sex life.	US
475	Chemical weapons.	US
476	A Fleshlight.&reg;	US
477	Pictures of boobs.	US
478	William Shatner.	US
479	AIDS.	US
480	Autocannibalism.	US
481	A horde of Vikings.	US
482	Danny DeVito.	US
483	My abusive boyfriend who really isn't so bad once you get to know him.	US
484	A three-way with my wife and Shaquille O'Neal.	US
485	Fiery poops.	US
486	Lunchables.&trade;	US
487	Meth.	US
488	Soup that is too hot.	US
489	Tap dancing like there's no tomorrow.	US
490	Stephen Hawking talking dirty.	US
491	Object permanence.	US
492	The milkman.	US
493	Braiding three penises into a Twizzler.	US
494	My black ass.	US
495	Kanye West.	US
496	Poverty.	US
497	Judging everyone.	US
498	PTSD.	US
499	Wondering if it's possible to get some of that salsa to go.	US
500	Bitches.	US
501	An icy handjob from an Edmonton hooker.	CA
502	An Evening with Michael Bubl&eacute;.	CA
503	Getting a DUI on a Zamboni.	CA
504	The Royal Canadian Mounted Police.	CA
505	Oestrogen.	CA
506	Heritage minutes.	CA
507	An endless stream of diarrhoea.	CA
508	A hairless little shitstain named Caillou.	CA
509	A despondent Maple Leafs fan sitting all alone.	CA
510	Apologizing.	CA
511	Syrupy sex with a maple tree.	CA
512	An M16 assault rifle.	CA
513	Canadian Netflix.	CA
514	Punching an MP in the face.	CA
515	Burning down the White House.	CA
516	Newfies.	CA
517	A vastly superior healthcare system.	CA
518	Women of colour.	CA
519	Living in Yellowknife.	CA
520	A fuck-tonne of almonds.	CA
521	Clubbing baby seals.	CA
522	The only gay person in a hundred kilometers.	CA
523	The Official Languages Act. La Loi sur les langues officielles.	CA
524	Terry Fox's prosthetic leg.	CA
525	Mr. Dressup.	CA
526	Justin Trudeau.	CA
527	Germans on holiday.	UK
528	Sitting on my face.	UK
529	The Hillsborough Disaster.	UK
530	Queen Elizabeth's immaculate anus.	UK
531	Druids.	UK
532	The way James Bond treats women.	UK
533	Blowing up Parliament.	UK
534	A white van man.	UK
535	Wanking into a pool of children's tears.	UK
536	Benedict Cumberbatch.	UK
537	Shitting out a perfect Cumberland sausage.	UK
538	Shutting up so I can watch the match.	UK
539	Faffing about.	UK
540	Blood, toil, tears, and sweat.	UK
541	Dirty nappies.	UK
542	Catapult.	UK
543	Your mum.	UK
544	Dogging.	UK
545	Concealing an erection.	UK
546	Polish people.	UK
547	Waking up in Idris Elba's arms.	UK
548	A bleached arsehole.	UK
549	Braiding three penises into a Curly Wurly.	UK
550	Kissing nan on the forehead and turning off her life support.	UK
551	However much weed &pound;20 can buy.	UK
552	A Chelsea smile.	UK
553	The EDL.	UK
554	Being marginalised.	UK
555	Ecstasy.	UK
556	England.	UK
557	The Black Death.	UK
558	Jehovah's Witnesses.	UK
559	Egging an MP.	UK
560	The Scouts.	UK
561	The end of days.	UK
562	The North.	UK
563	Maureen of Blackpool, Reader's Wife of the Year 1988.	UK
564	Spaniards.	UK
565	Forced sterilisation.	UK
566	Some bloody peace and quiet.	UK
567	A brain tumour.	UK
568	Pikies.	UK
569	An entrenched class system.	UK
570	Just touching David Beckham's hair.	UK
571	Used knickers.	UK
572	A hen night in Slough.	UK
573	Waking up half-naked in a Little Chef car park.	UK
574	Paedophiles.	UK
575	Haggis.	UK
576	Anything that comes out of Prince Philip's mouth.	UK
577	The bloody Welsh.	UK
578	Mad cow disease.	UK
579	The sudden appearance of the Go Compare man.	UK
580	The smell of Primark.	UK
581	Theresa May.	UK
582	My mate Dave.	UK
583	Cottaging.	UK
584	Not wearing trousers.	UK
585	A nice cup of tea.	UK
586	Jimmy Savile.	UK
587	Drinking out of the toilet and eating rubbish.	UK
588	A posh wank.	UK
589	A foul mouth.	UK
590	Trench foot.	UK
591	An AK-47 assault rifle.	UK
592	A foetus.	UK
593	Cheeky bum sex.	UK
594	The <i>Strictly Come Dancing</i> season finale.	UK
595	Bogies.	UK
596	The Daily Mail.	UK
597	A fanny fart.	UK
598	Tories.	UK
599	Perfunctory foreplay.	UK
600	Slapping Nigel Farage over and over.	UK
601	Madeleine McCann.	UK
602	400 years of colonial atrocities.	UK
603	Queuing.	UK
604	Passive-aggressive Post-it notes.	UK
605	LYNX&reg; Body Spray.	UK
606	9 oz. of sweet Mexican black-tar heroin.	UK
607	Crumbs all over the bloody carpet.	UK
608	Chivalry.	UK
609	Amputees.	UK
610	A bit of slap and tickle.	UK
611	Seeing Granny naked.	UK
612	Sniffing glue.	UK
613	The petty troubles of the landed gentry.	UK
614	Lads.	UK
615	The French.	UK
616	Ed Balls.	UK
617	A vindaloo poo.	UK
618	Scousers.	UK
619	Getting naked and watching CBeebies.	UK
620	Rubbing Boris Johnson's belly until he falls asleep.	UK
621	A sober Irishman who doesn't care for potatoes.	UK
622	Daddies&reg; Brown Sauce.	UK
623	Brexit.	UK
624	Knife crime.	UK
625	Getting married, having a few kids, buying some stuff, retiring to the south of France, and dying.	UK
626	Africa children.	UK
627	Somali pirates.	UK
628	Hooning.	AU
629	Waking up half-naked in a Macca's car park.	AU
630	Half a kilo of pure China White heroin.	AU
631	100% Pure New Zealand.	AU
632	Pauline Hanson.	AU
633	Skippy the Bush Kangaroo.	AU
634	A slab of VB and a pack of durries.	AU
635	Winking at old people.	AU
636	Getting married, having a few kids, buying some stuff, retiring to Queensland, and dying.	AU
637	Fiery poos.	AU
638	Having a Golden Gaytime.	AU
639	Total control of the media.	AU
640	All four prongs of an echidna's penis.	AU
641	The White Australia Policy.	AU
642	Making up for centuries of oppression with one day of apologising.	AU
643	Glassing a wanker.	AU
644	Dropping a baby down the dunny.	AU
645	A sick burnout.	AU
646	Rupert Murdoch.	AU
647	Women in yoghurt commercials.	AU
648	Tony Abbott in budgie smugglers.	AU
649	Contagious face cancer.	AU
650	Mr. Squiggle, the Man from the Moon.	AU
651	Taking a sheep-wife.	AU
652	Crazy hot cousin sex.	AU
653	Getting so angry that you pop a stiffy.	AU
654	Nothing but sand.	AU
655	A cute, fuzzy koala with chlamydia.	AU
656	Profound respect and appreciation for indigenous culture.	AU
657	John Howard's eyebrows.	AU
658	Selling ice to children.	AU
659	A sick wombat.	AU
660	A Halal Snack Pack.	AU
661	Braiding three penises into a licorice twist.	AU
662	The cool, refreshing taste of Coca-Cola.&reg;	AU
663	Getting naked and watching <i>Play School.</i>	AU
664	Women's undies.	AU
665	Nippers.	AU
666	Summoning Harold Holt from the sea in a time of great need.	AU
667	A didgeridildo.	AU
668	A five-litre goon bag.	AU
669	Vegemite.&trade;	AU
670	Good-natured, fun-loving Aussie racism.	AU
671	A fair go.	AU
672	Cashed-up bogans.	AU
673	Inserting a jam jar into my anus.	AU
674	Doin' it up the bum.	AU
675	A stingray barb through the chest.	AU
676	Pingers.	AU
677	The bush.	AU
678	Sorry, this content cannot be viewed in your region.	AU
679	A shark!	AU
680	Americanization.	AU
681	Having a shag in the back of a ute.	AU
682	Australia.	AU
683	Massive, widespread drought.	AU
684	Millions of cane toads.	AU
685	Alcohol poisoning.	AU
686	Xenophobia.	AU
687	Ice.	AU
688	A decent fucking Internet connection.	AU
689	What's left of the Great Barrier Reef.	AU
690	The Hemsworth brothers.	AU
691	A literal tornado of fire.	AU
692	The Great Emu War.	AU
693	Chundering into a kangaroo's pouch.	AU
694	The big fucking hole in the ozone layer.	AU
695	My cheating prick of a husband.	AU
696	Denying climate change.	AU
697	Whiskas&reg; Catmilk.	AU
698	Steve Irwin.	AU
699	Chunks of dead backpacker.	AU
700	The inevitable heath death of the universe.	AU
701	A six-point plan to stop the boats.	AU
702	Whoever the Prime Minister is these days.	AU
703	An ass disaster.	INTL
704	Disco fever.	INTL
705	Words.	INTL
706	Spending lots of money.	INTL
707	Mooing.	INTL
708	A cat video so cute that your eyes roll back and your spine slides out of your anus.	INTL
709	Michael Jackson.	INTL
710	Horrifying laser hair removal accidents.	INTL
711	Dying alone and in pain.	INTL
712	Shitting out a screaming face.	INTL
713	Literally eating shit.	INTL
714	A monkey smoking a cigar.	INTL
715	Rich people.	INTL
716	An evil man in evil clothes.	INTL
717	A low standard of living.	INTL
718	Wearing an octopus for a hat.	INTL
719	Whining like a little bitch.	INTL
720	Not having sex,	INTL
721	A fat bald man from the Internet.	INTL
722	Basic human decency.	INTL
723	How awesome it is to be white.	INTL
724	Nothing.	INTL
725	Doing it in the butt.	INTL
726	Moral ambiguity.	INTL
727	Dining with cardboard cutouts of the cast of <i>Friends.</i>	INTL
728	A big black dick.	INTL
729	The arrival of pizza.	INTL
730	An unstoppable wave of fire ants.	INTL
731	Extremely tight jeans.	INTL
732	A web of lies.	INTL
733	Ominous background music.	INTL
734	My machete.	INTL
735	Multiple orgasms.	INTL
736	Daddy's belt.	INTL
737	Eating a hard boiled out of my husband's asshole.	INTL
738	Friendly fire.	INTL
739	The boners of the elderly.	INTL
740	The hiccups.	INTL
741	The crazy, ball-slapping sex your parents are having right now.	INTL
742	Going around punching people.	INTL
743	Letting everyone down.	INTL
744	Nunchuck moves.	INTL
745	The prunes I've been saving for you in my armpits.	INTL
746	A PowerPoint presentation.	INTL
747	The entire Internet.	INTL
748	An AK-47.	INTL
749	Walking in on Dad peeing into Mom's mouth.	INTL
750	Dad's funny balls.	INTL
751	Flying robots that kill people.	INTL
752	Weapons-grade plutonium.	INTL
753	Sexy pillow fights.	INTL
754	Being white.	INTL
755	A slightly shittier parallel universe.	INTL
756	Having sex on top of a pizza.	INTL
757	Power.	INTL
758	Scrotum tickling.	INTL
759	An army of skeletons.	INTL
760	Actually getting shot, for real.	INTL
761	A cop who is also a dog.	INTL
762	A vagina that leads to another dimension.	INTL
763	A man in yoga pants with a ponytail and feather earrings.	INTL
764	Converting to Islam.	INTL
765	Me.	INTL
766	Tom Cruise.	INTL
767	Intimacy problems.	INTL
768	Leveling up.	INTL
769	That ass.	INTL
770	Kim Jong-un.	INTL
771	The Dalai Lama.	INTL
772	Ripping open a man's chest and pulling out his still-beating heart.	INTL
773	A sad fat dragon with no friends.	INTL
774	A surprising amount of hair.	INTL
775	Some really fucked-up shit.	INTL
776	Robert Downey Jr.	INTL
777	Ryan Gosling riding in on a white horse.	INTL
778	Sexual humiliation.	INTL
779	Fisting.	INTL
780	The human body.	INTL
781	A defective condom.	INTL
782	My father, who died when I was seven.	INTL
783	The economy.	INTL
784	Deflowering the princess.	INTL
785	A Chinese tourist who wants something very badly but cannot communicate it.	INTL
786	Graphic violence, adult language, and some sexual content.	INTL
787	Self-flagellation.	INTL
788	Shutting the fuck up.	INTL
789	FIlling my son with spaghetti.	INTL
790	The baby that ruined my pussy.	INTL
791	Buying the right clothes to be cool.	INTL
792	Being black.	INTL
793	All of this blood.	INTL
794	Edible underwear.	INTL
795	An oversized lollipop,	INTL
796	Stockholm Syndrome.	INTL
797	The World of Warcraft.	INTL
798	Grave robbing.	INTL
799	Gandalf.	INTL
800	Sneezing, farting, and cumming at the same time.	INTL
801	Running naked through a mall, pissing and shitting everywhere.	INTL
802	Blood farts.	INTL
803	Panda sex.	INTL
804	A thermonuclear detonation.	INTL
805	Destroying the evidence.	INTL
806	Vomiting mid-blowjob.	INTL
807	A pi&ntilde;ata full of scorpions.	INTL
808	Miley Cyrus.	INTL
809	A Japanese toaster you can fuck.	INTL
810	Suicidal thoughts.	INTL
811	Grandpa's ashes.	INTL
812	Reverse cowgirl.	INTL
813	Keanu Reeves.	INTL
814	LIving in a trashcan.	INTL
815	My first kill.	INTL
816	Mom.	INTL
817	Children on leashes.	INTL
818	Double penetration.	INTL
819	Slave.	INTL
820	White power.	INTL
821	Indescribable loneliness.	INTL
822	Tongue.	INTL
823	Tiny nipples.	INTL
824	Being fabulous.	INTL
825	Homeless people.	INTL
826	My cheating-son-of-a-bitch-husband.	INTL
827	Screaming like a maniac.	INTL
828	Heroin.	INTL
829	Existing.	INTL
830	The pirate's life.	INTL
831	One Ring to rule them all.	INTL
832	The flute.	INTL
833	Being a busy adult with many important things to do.	INTL
834	Slapping a racist old lady.	INTL
835	Genetically engineered super-soldiers.	INTL
836	Pumping out a baby every nine months.	INTL
837	A mime having a stroke.	INTL
838	Women voting.	INTL
839	Gladiatorial combat.	INTL
840	Some kind of bird man.	INTL
841	Taking a man's eyes and balls out and putting his eyes where his balls go and then his balls in the eye holes.	INTL
842	Mild autism.	INTL
843	Rising from the grave.	INTL
844	Not contributing to society in any meaningful way.	INTL
845	Cock.	INTL
846	Some douche with an acoustic guitar.	INTL
847	Terrorists.	INTL
848	Overpowering your father.	INTL
849	Being a hideous beast that no one could love.	INTL
850	Samuel L. Jackson.	INTL
851	Making the penises kiss.	INTL
852	Being a dinosaur.	INTL
853	Staring at a painting and going \"hmmmmmmm...\"	INTL
854	A sweet spaceships.	INTL
855	Lady Gaga.	INTL
856	Tripping balls.	INTL
857	Eating an albino.	INTL
858	Our first chimpanzee Prime Minister.	INTL
859	Sudden Poop Explosion Disease.	INTL
860	The total collapse of the global financial system.	INTL
861	Loki, the trickster god.	INTL
862	Making a friend.	INTL
863	The Gulags.	INTL
864	Hipsters.	INTL
865	Wiping her butt.	INTL
866	All my friends dying.	INTL
867	The land of chocolate.	INTL
868	Jesus.	INTL
869	Another shot of morphine.	INTL
870	Bosnian chicken farmers.	INTL
871	How wet my pussy is.	INTL
872	Having shotguns for legs.	INTL
873	Bullshit.	INTL
874	Blowing my boyfriend so hard so he shits.	INTL
875	Cumming deep inside my best bro.	INTL
876	Being awesome at sex.	INTL
877	Santa Claus.	INTL
878	Having a penis.	INTL
879	Gay aliens.	INTL
880	Jafar.	RED
881	Jumping out at people.	RED
882	The mixing of the races.	RED
883	The Harlem Globetrotters.	RED
884	Scrotal frostbite.	RED
885	Statistically validated stereotypes.	RED
886	Pretty Pretty Princess Dress-Up Board Game.&reg;	RED
887	Making shit up.	RED
888	Mufasa's death scene.	RED
889	Having $57 in the bank.	RED
890	A sales team of clowns and pedophiles.	RED
891	Survivor's guilt.	RED
892	The mere concept of Applebees.&reg;	RED
893	Boris the Soviet Love Hammer.	RED
894	Not having sex.	RED
895	Indescribably loneliness.	RED
896	One thousand Slim Jims.	RED
897	A nuanced critique.	RED
898	A nautical theme.	RED
899	The black Power Ranger.	RED
900	Neil Patrick Harris.	RED
901	Bill Clinton, naked on a bearskin rug with a saxophone.	RED
902	The hose.	RED
903	Finding Waldo.	RED
904	Fuck Mountain.	RED
905	Unlimited soup, salad, and breadsticks.	RED
906	Syphilitic insanity.	RED
907	Oncoming traffic.	RED
908	Suicide bombers.	RED
909	Some kind of bird-man.	RED
910	Ryan Goslin riding in on a white horse.	RED
911	Living in a trash can.	RED
912	Historical revisionism.	RED
913	A passionate Latino lover.	RED
914	Roland the Farter, flatulist to the king.	RED
915	Consent.	RED
916	An unhinged Ferris wheel rolling toward the sea.	RED
917	A plunger to the face.	RED
918	Shaft.	RED
919	Big Bird's crown, crusty asshole.	RED
920	Filling every orifice with butterscotch pudding.	RED
921	A fortuitous turnip harvest.	RED
922	Buying the right pants to be cool.	RED
923	Getting hilariously gang-banged by the Blue Man Group.	RED
924	A phantasmagoria of anal delights.	RED
925	The new Radiohead album.	RED
926	24-hour media coverage.	RED
927	Gargling jizz.	RED
928	A dollop of sour cream.	RED
929	Demonic possession.	RED
930	Chugging a lava lamp.	RED
931	Jeff Goldblum.	RED
932	The day the birds attacked.	RED
933	Subduing a grizzly bear and making her your wife.	RED
934	A sofa that says \"I have style, but I like to be comfortable.\"	RED
935	Dorito breath.	RED
936	The way white people is.	RED
937	Fetal alcohol syndrome.	RED
938	The Quesadilla Explosion Salad&trade; from Chili's.&reg;	RED
939	Racial profiling.	RED
940	Special musical guest, Cher.	RED
941	A crappy little hand.	RED
942	The systemic destruction of an entire people and their way of life.	RED
943	Clenched butt cheeks.	RED
944	Filing my son with spaghetti.	RED
945	Blowing some dudes in an alley.	RED
946	Words, words, words.	RED
947	Clams.	RED
948	Hot doooooooogs!	RED
949	Andr&eacute; the Giant's enormous, leathery scrotum.	RED
950	A greased-up Matthew McConaughey.	RED
951	A pile of squirming bodies.	RED
952	A bloody pacifier.	RED
953	Medieval Times&reg; Dinner &amp; Tournament.	RED
954	Just the tip.	RED
955	One ring to rule them all.	RED
956	The milk that comes out of a person.	RED
957	A sweet spaceship.	RED
958	Big ol' floppy titties.	RED
959	A 55-gallon drum of lube.	RED
960	Sorcery.	RED
961	Getting your dick stuck in a Chinese finger trap with another dick.	RED
962	Weapons grade plutonium.	RED
963	Mad hacky-sack skills.	RED
964	Emotional baggage.	RED
965	Insatiable bloodlust.	RED
966	Hillary Clinton.	RED
967	Catastrophic urethral trauma.	RED
968	Putting an entire peanut butter and jelly sandwich into the VCR.	RED
969	Crying into the pages of Sylvia Plath.	RED
970	A spontaneous conga line.	RED
971	A Japanese tourist who wants something very badly but cannot communicate it.	RED
972	A boo-boo.	RED
973	A black-owned and operated business.	RED
974	The moist, demanding chasm of his mouth.	RED
975	Velcro.&trade;	RED
976	The shambling corpse of Larry King.	RED
977	Drinking my bro's pee-pee right out of his peen.	RED
978	Quiche.	RED
979	Some really fucked up shit.	RED
980	Warm, velvety muppet sex.	RED
981	The primal, ball-slapping sex your parents are having right now.	RED
982	A bigger, blacker dick.	RED
983	Crabapples all over the fucking sidewalk.	RED
984	Bosnian chick farmers.	RED
985	Sanding off a man's nose.	RED
986	The harsh light of day.	RED
987	Vietnam flashbacks.	RED
988	Savagely beating a mascot.	RED
989	Staring at a painting and going \"hmmmmmm...\"	RED
990	Nubile slave boys.	RED
991	Drinking ten 5-hour ENERGYs&reg; to get fifty continuous hours of energy.	RED
992	A sweaty, panting leather daddy.	RED
993	My manservant, Claude.	RED
994	Khakis.	BLUE
995	Bathing in moonsblood and dancing around the ancient oak.	BLUE
996	The passage of time.	BLUE
997	A one-way ticket to Gary, Indiana.	BLUE
998	The power of the Dark Side.	BLUE
999	A team of lawyers.	BLUE
1000	Getting eaten alive by Guy Fieri.	BLUE
1001	Figuring out how to have sex with a dolphin.	BLUE
1002	Some sort of Asian.	BLUE
1003	Vegetarian options.	BLUE
1004	An inability to form meaningful relationships.	BLUE
1005	One unforgettable night of passion.	BLUE
1006	Important news about Taylor Swift.	BLUE
1007	The all-new Nissan Pathfinder with 0.9% APR financing!	BLUE
1008	Free ice cream, yo.	BLUE
1009	My boyfriend's stupid penis.	BLUE
1010	A mouthful of potato salad.	BLUE
1011	Our new Buffalo Chicken Dippers&reg;!	BLUE
1012	Crying and shitting and eat spaghetti.	BLUE
1013	A fart.	BLUE
1014	Actual mutants with medical conditions and no superpowers.	BLUE
1015	Deez nuts.	BLUE
1016	Africa.	BLUE
1017	Finally finishing off the Indians.	BLUE
1018	Owls, the perfect predator.	BLUE
1019	A dance move that's just sex.	BLUE
1020	Ass to mouth.	BLUE
1021	Bouncing up and down.	BLUE
1022	Walking into a glass door.	BLUE
1023	Eating together like a god damn family for once.	BLUE
1024	No longer finding any Cards Against Humanity card funny.	BLUE
1025	Treasures beyond your wildest dreams.	BLUE
1026	Ejaculating live bees and the bees are angry.	BLUE
1027	Sucking all the milk out of a yak.	BLUE
1028	Falling into the toilet.	BLUE
1029	The color \"puce.\"	BLUE
1030	An oppressed people with a vibrant culture.	BLUE
1031	Out-of-this-world bazongas.	BLUE
1032	Getting caught by the police and going to jail.	BLUE
1033	The sweet song of sword against sword and the braying of mighty war beasts.	BLUE
1034	A sex goblin with a carnival penis.	BLUE
1035	Genghis Khan's DNA.	BLUE
1036	A gender identity that can only be conveyed through slam poetry.	BLUE
1037	The ghost of Marlon Brando.	BLUE
1038	Immortality cream.	BLUE
1039	Butt stuff.	BLUE
1040	Getting offended.	BLUE
1041	My dad's dumb fucking face.	BLUE
1042	A bunch of idiots playing a card game instead of interacting like normal humans.	BLUE
1043	Neil Diamond's Greatest Hits.	BLUE
1044	Whatever a McRib&reg; is made of.	BLUE
1045	Total fucking chaos.	BLUE
1046	Whispering all sexy.	BLUE
1047	Calculating every mannerism so as not to suggest homosexuality.	BLUE
1048	Some shit-hot guitar licks.	BLUE
1049	No clothes on, penis in vagina.	BLUE
1050	Sports.	BLUE
1051	How awesome I am.	BLUE
1052	The white half of Barack Obama.	BLUE
1053	An overwhelming variety of cheeses.	BLUE
1054	Ejaculating inside another man's wife.	BLUE
1055	Getting shot by the police.	BLUE
1056	Beloved television star Bill Cosby.	BLUE
1057	The tiger that killed my father.	BLUE
1058	Changing a person's mind with logic and facts.	BLUE
1059	Child Protective Services.	BLUE
1060	A peyote-fueled vision quest.	BLUE
1061	Cute boys.	BLUE
1062	A hopeless amount of spiders.	BLUE
1063	The swim team, all at once.	BLUE
1064	Whatever you wish, mother.	BLUE
1065	A possible Muslim.	BLUE
1066	All the single ladies.	BLUE
1067	Letting out 20 years' worth of farts.	BLUE
1068	Being paralyzed from the neck down.	BLUE
1069	The eight gay warlocks who dictate the rules of fashion.	BLUE
1070	Shapes and colors.	BLUE
1071	Seeing my village burned and my family slaughtered before my eyes.	BLUE
1072	Filling a man's anus with concrete.	BLUE
1073	Peeing into a girl's butt to make a baby.	BLUE
1074	Meaningless sex.	BLUE
1075	Wearing glasses and sounding smart.	BLUE
1076	Setting my balls on fire and cartwheeling to Ohio.	BLUE
1077	Child support payments.	BLUE
1078	Being John Malkovich.	BLUE
1079	Throwing stones at a man until he dies.	BLUE
1080	A shiny rock that proves I love you.	BLUE
1081	Kale.	BLUE
1082	Stuffing a child's face with Fun Dip&reg; until he starts having fun.	BLUE
1083	A turd.	BLUE
1084	Party Mexicans.	BLUE
1085	Too much cocaine.	BLUE
1086	Like a million alligators.	BLUE
1087	Grammar nazis who are also regular Nazis.	BLUE
1088	A face full of horse cum.	BLUE
1089	Fresh dill from the patio.	BLUE
1090	Boring vaginal sex.	BLUE
1091	Crazy opium eyes.	BLUE
1092	AIDS monkeys.	BLUE
1093	Crippling social anxiety.	BLUE
1094	Not believing in giraffes.	BLUE
1095	An interracial handshake.	BLUE
1096	Irrefutable evidence that God is real.	BLUE
1097	A zero-risk way to make $2,000 from home.	BLUE
1098	My sex dungeon.	BLUE
1099	Being nine years old.	BLUE
1100	Daddy.	BLUE
1101	Unquestioning obedience.	BLUE
1102	A bass drop so huge it tears the starry vault asunder to reveal the face of God.	BLUE
1103	Sharks with legs.	BLUE
1104	Generally having no idea what's going on.	BLUE
1105	Bullets.	BLUE
1106	An unforgettable quincea&ntilde;era.	BLUE
1107	Two whales fucking the shit out of each other.	BLUE
1108	A whole lotta woman.	BLUE
1109	A self-microwaving burrito.	BLUE
1110	Snorting coke off a clown's boner.	BLUE
1111	A buttload of candy.	BLUE
1112	A thrilling chase over the rooftops of Rio de Janeiro.	BLUE
1113	Dem titties.	BLUE
1114	The amount of gay I am.	BLUE
1115	My first period.	BLUE
1116	Common-sense gun control legislation.	BLUE
1117	Being a terrible mother.	BLUE
1118	Being popular and good at sports.	BLUE
1119	Never having sex again.	BLUE
1120	A giant powdery manbaby.	BLUE
1121	A crazy little thing called love.	BLUE
1122	Stupid.	BLUE
1123	The best taquito in the galaxy.	BLUE
1124	Fucking a corpse back to life.	BLUE
1125	A pizza guy who fucked up.	BLUE
1126	Ennui.	BLUE
1127	Injecting speed into one arm and horse tranquilizer into the other.	BLUE
1128	Lots and lots of abortions.	BLUE
1129	Eggs.	BLUE
1130	My worthless son.	BLUE
1131	Blowjobs for everyone.	BLUE
1132	Shitting all over the floor like a bad, bad girl.	BLUE
1133	An uninterrupted history of imperialism and exploitation.	BLUE
1134	The unbelievable world of mushrooms.	BLUE
1135	A horse with no legs.	BLUE
1136	Having been dead for a while.	BLUE
1137	Drinking responsibly.	BLUE
1138	Breastfeeding a ten-year-old.	BLUE
1139	Going to a high school reunion on ketamine.	BLUE
1140	Backwards knees.	BLUE
1141	Gwyneth Paltrow's opinions.	BLUE
1142	The basic suffering that pervades all of existence.	BLUE
1143	Cutting off a flamingo's legs with garden shears.	BLUE
1144	The secret formula for ultimate female satisfaction.	BLUE
1145	Seeing things from Hitler's perspective.	BLUE
1146	A constant need for validation.	BLUE
1147	Jizz.	BLUE
1148	What Jesus would do.	BLUE
1149	A Ugandan warlord.	BLUE
1150	Slowly easing down onto a cucumber.	BLUE
1151	Smoking crack, for instance.	BLUE
1152	A kiss on the lips.	BLUE
1153	The haunting stare of an Iraqi child.	BLUE
1154	A sex comet from Neptune that plunges the Earth into eternal sexiness.	BLUE
1155	Giant sperm from outer space.	BLUE
1156	The euphoric rush of strangling a drifter.	BLUE
1157	Morpheus.	BLUE
1158	Mom's new boyfriend.	BLUE
1159	Blackface.	BLUE
1160	Every ounce of charisma left in Mick Jagger's tired body.	BLUE
1161	Sudden penis loss.	BLUE
1162	Daddy's credit card.	BLUE
1163	Ripping a dog in half.	BLUE
1164	Angelheaded hipsters burning for the ancient heavenly connection to the starry dynamo in the machinery of the night.	BLUE
1165	Interspecies marriage.	BLUE
1166	Cancer.	BLUE
1167	The male gaze.	BLUE
1168	Being worshipped as the one true God.	BLUE
1169	All these decorative pillows.	BLUE
1170	Unrelenting genital punishment.	BLUE
1171	Exploding pigeons.	BLUE
1172	A disappointing salad.	BLUE
1173	The dentist.	BLUE
1174	Moderate-to-severe joint pain.	BLUE
1175	Getting drive-by shot.	BLUE
1176	The black half of Barack Obama.	BLUE
1177	Western standards of beauty.	BLUE
1178	A reason not to commit suicide.	BLUE
1179	40 acres and a mule.	BLUE
1180	Such a big boy.	BLUE
1181	10 Incredible Facts About the Anus.	BLUE
1182	A manhole.	BLUE
1183	The size of my penis.	BLUE
1184	The complex geopolitical quagmire that is the Middle East.	BLUE
1185	My dead son's baseball glove.	BLUE
1186	Robots who just want to party.	BLUE
1187	A whole new kind of porn.	BLUE
1188	Ambiguous sarcasm.	BLUE
1189	Russian super-tuberculosis.	BLUE
1190	Prince Ali, fabulous he, Ali Ababwa.	BLUE
1191	Doing the right stuff to her nipples.	BLUE
1192	Ancient Athenian boy-fucking.	BLUE
1193	The eighth graders.	BLUE
1194	September 11th, 2001.	BLUE
1195	The safe word.	BLUE
1196	Doo-doo.	BLUE
1197	Blackula.	BLUE
1198	Anal fissures like you wouldn't believe.	BLUE
1199	Texas.	BLUE
1200	Going down on a woman, discovering that her vaginas is filled with eyeballs, and being totally into that.	BLUE
1201	P.F. Chang himself.	BLUE
1202	Almost giving money to a homeless person.	BLUE
1203	Depression.	BLUE
1204	Growing up chained to a radiator in perpetual darkness.	BLUE
1205	Three consecutive seconds of happiness.	BLUE
1206	Going inside at some point because of the mosquitoes.	BLUE
1207	Pussy.	BLUE
1208	Unsheathing my massive horse cock.	BLUE
1209	A woman.	BLUE
1210	Turning the rivers red with the blood of infidels.	BLUE
1211	A woman who is so cool that he rides on a motorcycle.	BLUE
1212	The peaceful and nonthreatening rise of China.	BLUE
1213	A chimpanzee in sunglasses fucking your wife.	BLUE
1214	Finding a nice elevator to poop in.	GREEN
1215	An incurable homosexual.	GREEN
1216	The body of a 46-year-old man.	GREEN
1217	Mixing M&amp;Ms and Skittles like some kind of psychopath.	GREEN
1218	Grunting for ten minutes and then peeing sand.	GREEN
1219	Gay thoughts.	GREEN
1220	When the big truck goes \"Toot! Toot!\"	GREEN
1221	Water.	GREEN
1222	Becoming the President of the United States.	GREEN
1223	Hot lettuce.	GREEN
1224	Rock-hard tits and a huge vagina.	GREEN
1225	Meatloaf, the man.	GREEN
1226	Smashing my balls at the moment of climax.	GREEN
1227	A creature made of penises that must constantly arouse itself to survive.	GREEN
1228	My brother's hot friends.	GREEN
1229	You.	GREEN
1230	Getting high with mom.	GREEN
1231	Twisting my cock and balls into a balloon poodle.	GREEN
1232	Loud, scary thunder.	GREEN
1233	Whomsoever let the dogs out.	GREEN
1234	Having a vagina.	GREEN
1235	A man with the head of a goat and the body of a goat.	GREEN
1236	Taking the form of a falcon.	GREEN
1237	A hug.	GREEN
1238	Putting more black people in jail.	GREEN
1239	Trevor, the world's greatest boyfriend.	GREEN
1240	Anal.	GREEN
1241	Just now finding out about the Armenian Genocide.	GREEN
1242	Getting the Dorito crumbs out of my pubes.	GREEN
1243	A man in a suit with perfect hair who tells you beautiful lies.	GREEN
1244	Critical thinking.	GREEN
1245	Quacking like a duck in lieu of a cogent argument.	GREEN
1246	A long business meeting with no obvious purpose.	GREEN
1247	Facilitating dialogue and deconstructing binaries.	GREEN
1248	Getting killed and dragged up a tree by a leopard.	GREEN
1249	Brunch.	GREEN
1250	Child labor.	GREEN
1251	Esmeralda, my most beautiful daughter.	GREEN
1252	The feeling of going to McDonald's as a 6-year-old.	GREEN
1253	Eating people.	GREEN
1254	Art.	GREEN
1255	Having sex with your mom.	GREEN
1256	The hottest MILF in Dallas.	GREEN
1257	Getting trapped in a conversation about Ayn Rand.	GREEN
1258	Happy daddies with happy sandals.	GREEN
1259	A dolphin that learns to talk and becomes the Dead of Harvard Law School.	GREEN
1260	The graceful path of an autumn leaf as it falls to its earthen cradle.	GREEN
1261	Meatloaf, the food.	GREEN
1262	10,000 shrieking teenage girls.	GREEN
1263	Chris Hemsworth.	GREEN
1264	Straight blazin' 24/7.	GREEN
1265	Objectifying women.	GREEN
1266	The mysterious fog rolling into town.	GREEN
1267	Math.	GREEN
1268	Restoring Germany to its former glory.	GREEN
1269	Exploring each other's buttholes.	GREEN
1270	An old dog full of tumors.	GREEN
1271	Antidepressants.	GREEN
1272	Having an awesome time drinking and driving.	GREEN
1273	Jazz.	GREEN
1274	Dumpster juice.	GREEN
1275	Raising three kids on minimum wage.	GREEN
1276	Going to bed at a reasonable hour.	GREEN
1277	10 football players with erections barreling towards you at full speed.	GREEN
1278	Working so hard to have muscles and then having them.	GREEN
1279	Turning 32.	GREEN
1280	Albert Einstein but if he had a huge muscles and a rhinoceros cock.	GREEN
1281	Assassinating the president.	GREEN
1282	A woman's right to choose.	GREEN
1283	Eternal screaming madness.	GREEN
1284	Late-stage dementia.	GREEN
1285	Consensual, nonreproductive incest.	GREEN
1286	Swearing praise upon the Sultan's hideous daughters.	GREEN
1287	A cheerfulness that belies a deep-seated self-loathing.	GREEN
1288	An arrangement wherein I give a person money they have sex with me.	GREEN
1289	A genetic predisposition for alcoholism.	GREEN
1290	The wind.	GREEN
1291	Getting pegged.	GREEN
1292	Period poops.	GREEN
1293	The chicken from Popeyes. &reg;	GREEN
1294	A massive collection of child pornography.	GREEN
1295	A big, beautiful mouth packed to the brim with sparkling teeth.	GREEN
1296	Pooping in the potty.	GREEN
1297	Getting eaten out by a dog.	GREEN
1298	Munchin' puss.	GREEN
1299	It being too late to stop having sex with a horse.	GREEN
1300	One of those \"blow jobs\" I've been hearing so much about.	GREEN
1301	The lived experience of African Americans.	GREEN
1302	Prematurely ejaculating like a total loser.	GREEN
1303	Big, smart money boys tap-tapping on their keyboards.	GREEN
1304	Homework.	GREEN
1305	A finger up the butt.	GREEN
1306	Tiny, rancid girl farts.	GREEN
1307	The sweet, forbidden meat of the money.	GREEN
1308	Farting all over my face with your tight little asshole.	GREEN
1309	Doing a somersault and barfing.	GREEN
1310	The government.	GREEN
1311	How good lead paint taste.	GREEN
1312	Every man's ultimate fantasy: a perfectly cylindrical vagina.	GREEN
1313	Rubbing my bush all over your bald head.	GREEN
1314	Feeling the emotion of anger.	GREEN
1315	Gregor, my largest son.	GREEN
1316	A strong horse and enough rations for thirty days.	GREEN
1317	Getting aborted.	GREEN
1318	Systems and policies designed to preserve centuries-old power structures.	GREEN
1319	Overthrowing the democratically-elected government of Chile.	GREEN
1320	A weird guy who says weird stuff and weirds me out.	GREEN
1321	How strange it is to be anything at all.	GREEN
1322	Twenty cheerleaders laughing at your tiny penis.	GREEN
1323	Everything.	GREEN
1324	The flaming wreckage of the International Space Station.	GREEN
1325	A duffel bag full of lizards.	GREEN
1326	Beyonc&eacute;.	GREEN
1327	The fear and hatred in men's hearts.	GREEN
1328	One of them big-city Jew lawyers.	GREEN
1329	An empowered woman.	GREEN
1330	Tables.	GREEN
1331	The amount of baby carrots I can fit up my ass.	GREEN
1332	Farting a huge shit out of my pussy.	GREEN
1333	Being sexually attracted to children.	GREEN
1334	Participating.	GREEN
1335	Blossoming into a beautiful young woman.	GREEN
1336	Discovering that what I really want in life is to kill people and have sex with their corpses.	GREEN
1337	Breastfeeding in public like a radiant earth goddess.	GREEN
1338	ISIS.	GREEN
1339	All these people I've killed.	GREEN
1340	The full force of the American military.	GREEN
1341	Eating ass.	GREEN
1342	Who really did 9/11.	GREEN
1343	Condoleezza Rice.	GREEN
1344	Content.	GREEN
1345	Creamy slices of real, California avocado.	GREEN
1346	How sad it will be when Morgan Freeman dies.	GREEN
1347	A black friend.	GREEN
1348	Whooping your ass at Mario Kart.	GREEN
1349	Sudden and unwanted slam poetry.	GREEN
1350	A cold and indifferent universe.	GREEN
1351	The best, deepest quotes from The Dark Night.	GREEN
1352	Salsa Night at Dave's Cantina.	GREEN
1353	Dominating a man by peeing on his eldest son.	GREEN
1354	Two shitty kids and a garbage husband.	GREEN
1355	The Rwandan Genocide.	GREEN
1356	The LGBT community.	GREEN
1357	Founding a major world religion.	GREEN
1358	Rolling so hard.	GREEN
1359	My huge penis and substantial fortune.	GREEN
1360	Forty-five minutes of finger blasting.	GREEN
1361	How great my ass looks in these jeans.	GREEN
1362	Pooping in a leotard and hoping no one notices.	GREEN
1363	Guns.	GREEN
1364	Getting this party started!	GREEN
1365	Twenty bucks.	GREEN
1366	Getting laid like all the time.	GREEN
1367	A big ol' plate of fettuccine alfredo.	GREEN
1368	Showing all the boys my pussy.	GREEN
1369	Fucking me good and taking me to Red Lobster.&reg;	GREEN
1370	A terrified fat child who won't come out of the bushes.	GREEN
1371	Doritos and a Fruit Roll-Up.	GREEN
1372	Mommy and daddy fighting all the time.	GREEN
1373	Holding the proper political beliefs of my time to attract a mate.	GREEN
1374	Onions.	GREEN
1375	Self-identifying as a DJ.	GREEN
1376	Watching you die.	GREEN
1377	Some real spicy shrimps.	GREEN
1378	A burrito that's just sour cream.	GREEN
1379	The bond between a woman and her horse.	GREEN
1380	The secret to truly resilient hair.	GREEN
1381	Mental illness.	GREEN
1382	Gayle from HR.	GREEN
1383	Informing you that I am a registered sex offender.	GREEN
1384	A negative body image that is totally justified.	GREEN
1385	Political correctness.	GREEN
1386	The clown that followed me home from the grocery store.	GREEN
1387	That bitch, Stacy.	GREEN
1388	Ejaculating at the apex of a cartwheel.	GREEN
1389	Gazpacho.	GREEN
1390	Having sex with a man and then eating his head.	GREEN
1391	An older man.	GREEN
1392	An X-Man whose power is that he has sex with dogs and children.	GREEN
1393	Out-of-control teenage blowjob parties.	GREEN
1394	Tender chunks of all-white-meat chicken.	GREEN
1395	Crushing the patriarchy.	GREEN
1396	The full blown marginalization of ugly people.	GREEN
1397	Aborting the shit out of a fetus.	GREEN
1398	Film roles for actresses over 40.	GREEN
1399	Plowing that ass like a New England corn farmer.	GREEN
1400	Huge big balls full of jizz.	GREEN
1401	Some of that good dick.	GREEN
1402	Being turned into sausages.	GREEN
1403	Hating Jews.	GREEN
1404	Crazy anal orgasms.	GREEN
1405	Regurgitating a half-digested sparrow.	GREEN
1406	The ol' penis-in-the-popcorn surprise.	GREEN
1407	A tiny fireman who puts out tiny fires.	GREEN
1408	Dis bitch.	GREEN
1409	Trees.	GREEN
1410	Three hours of nonstop penetration.	GREEN
1411	Slamming a dunk.	GREEN
1412	Starting a shitty podcast.	GREEN
1413	Gary.	GREEN
1414	Feminism.	GREEN
1415	Our baby.	GREEN
1416	Falling into a pit of waffles.	GREEN
1417	A woman's perspective.	GREEN
1418	Chipotle.	GREEN
1419	Scissoring, if that's a thing.	GREEN
1420	Watching a hot person eat.	GREEN
1421	Defeating a gorilla in single combat.	GREEN
1422	Bad emotions I don't want.	GREEN
1423	A creepy child singing a nursery rhyme.	GREEN
1424	Comprehensive immigration reform.	GREEN
1425	Denying the Holocaust.	GREEN
1426	Two beautiful pig sisters.	GREEN
1427	Catching a live salmon in your mouth.	GREEN
1428	Daddy going away forever.	GREEN
1429	A medium horchata.	GREEN
1430	Libertarians.	GREEN
1431	Picking up a glass of water and taking a sip and being the president.	GREEN
1432	Waking up inside of a tornado.	GREEN
1433	Making out and stuff.	GREEN
1434	A slowly encroaching circle of wolves.	GREEN
1435	Opening your mouth to talk and a big penis fops out.	GREEN
1436	Eating too many Cinnabons and then vomiting and then eating the vomit.	GREEN
1437	Seizing control of the means of production.	GREEN
1438	Misogyny.	GREEN
1439	Thinking about what eating even is.	GREEN
1440	Dropping dead in a Sbarro's bathroom and not being found for 72 hours.	GREEN
1441	Sucking each other's penises for hours on end.	GREEN
1442	Awesome pictures of planets and stuff.	GREEN
1443	Microaggressions.	GREEN
1444	Pretending to be one of the guys but actually being the spider god.	GREEN
1445	Fucking my therapist.	GREEN
1446	Having sex with a beautiful person.	GREEN
1447	Moon people.	GREEN
1448	Jason, the teen mayor.	GREEN
1449	Quinoa.	GREEN
1450	China.	GREEN
1451	Menopause.	GREEN
1452	My dog dying.	GREEN
1453	A gun that shoots cobras.	GREEN
1454	Reaching an age where barbecue chips are better than sex.	GREEN
1455	Going around pulling people's tampons out.	GREEN
1456	Playing my asshole like a trumpet.	GREEN
1457	Getting blasted in the face by a t-shirt cannon.	GREEN
1458	Getting naked too soon.	GREEN
1459	Pamela Anderson's boobs running in slow motion.	90s
1460	A bus that will explode if it goes under 50 miles per hour.	90s
1461	<i>Pure Moods</i> , Vol. 1.	90s
1462	Jerking off to a 10-second RealMedia clip.	90s
1463	Pizza in the morning, pizza in the evening, pizza at supper time.	90s
1464	Stabbing the shit out of a Capri Sun.	90s
1465	Angels interfering in an otherwise fair baseball game.	90s
1466	Sucking the President's dick.	90s
1467	Sunny D! Alright!	90s
1468	The Great Cornholio.	90s
1469	Painting with all the colors of the wind.	90s
1470	Cool 90s up-in-the-front hair.	90s
1471	The Y2K bug.	90s
1472	A mulatto, an albino, a mosquito, and my libido.	90s
1473	Liking big butts and not being able to lie about it.	90s
1474	Deregulating the mortgage market.	90s
1475	Kurt Cobain's death.	90s
1476	A threesome with 1996 Denise Richards and 1999 Denise Richards.	90s
1477	Freeing Willy.	90s
1478	Several Michael Keatons.	90s
1479	Patti Mayonnaise.	90s
1480	Wearing Nicolas Cage's face.	90s
1481	Log.&trade;	90s
1482	Santa's heavy sack.	2012
1483	Donald Trump holding his nose while he eats pussy.	V4HIL
1484	Black lives mattering.	V4HIL
1485	Kicking the middle class in the balls with a regressive tax code.	V4HIL
1486	Slapping Ted Cruz over and over.	V4HIL
1487	Eating the president's pussy.	V4HIL
1488	Keeping the government out of my vagina.	V4HIL
1489	The fact that Hillary Clinton is a woman.	V4HIL
1490	Increasing economic inequality and political polarization.	V4HIL
1491	The Bernie Sanders revolution.	V4HIL
1492	A beautiful, ever-expanding circle of inclusivity that will never include Republicans.	V4HIL
1493	Letting Bernie Sanders rest his world-weary head on your lap.	V4HIL
1494	The systemic disenfranchisement of black voters.	V4HIL
1495	Eating an entire snowman.	2013
1496	A Christmas stocking full of coleslaw.	2013
1497	Elf cum.	2013
1498	Giving money and personal information to strangers on the Internet.	2013
1499	The royal afterbirth.	2013
1500	A magical tablet containing a world of unlimited pornography.	2013
1501	A toxic family environment.	2013
1502	Breeding elves for their priceless semen.	2013
1503	Clearing a bloody path through Walmart with a scimitar.	2013
1504	Slicing a ham in icy silence.	2013
1505	A simultaneous nightmare and wet dream starring Sigourney Weaver.	2013
1506	A visually arresting turtleneck.	2013
1507	The shittier, Jewish version of Christmas.	2013
1508	Gift-wrapping a live hamster.	2013
1509	Moses gargling Jesus's balls while Shiva and the Buddha penetrate his divine hand holes.	2013
1510	Socks.	2013
1511	These low, low prices!	2013
1512	Finding out that Santa isn't real.	2013
1513	The tiny, calloused hands of the Chinese children that made this card.	2013
1514	The Star Wars Holiday Special.	2013
1515	Rudolph's bright red balls.	2013
1516	Jizzing into Santa's beard.	2013
1517	Being blind and deaf and having no limbs.	2013
1518	My hot cousin.	2013
1519	Mall Santa.	2013
1520	The Hawaiian goddess Kapo and her flying detachable vagina.	2013
1521	Taking down Santa with a surface-to-air missile.	2013
1522	Pretending to be happy.	2013
1523	Fucking up \"Silent Night\" in front of 300 parents.	2013
1524	Krampus, the Austrian Christmas monster.	2013
1525	Several intertwining love stories featuring Hugh Grant.	2013
1526	Space Jam on VHS.	2013
1527	Swapping bodies with mom for a day.	2013
1528	Another shitty year.	2013
1529	Immaculate conception.	2013
1530	People with cake in their mouths talking about how good cake is.	2013
1531	Piece of shit Christmas cards with no money in them.	2013
1532	Congress's flaccid penises withering away beneath their suit pants.	2013
1533	Having a strong opinion about Obamacare.	2013
1534	Whatever Kwanzaa is supposed to be about.	2013
1535	A Hungry-Man&trade; Frozen Christmas Dinner for One.	2013
1536	Making up for 10 years of shitty parenting with a PlayStation.	2013
1537	The Grinch's musty, cum-stained pelt.	2013
1538	Actually voting for Donald Trump to be President of the actual United States.	V4 45
1539	Growing up and becoming a Republican.	V4 45
1540	A liberal bias.	V4 45
1541	Full-on socialism.	V4 45
1542	Hating Hillary Clinton.	V4 45
1543	Jeb!	V4 45
1544	Conservative talking points.	V4 45
1545	Courageously going ahead with that racist comment.	V4 45
1546	The good, hardworking people of Dubuque, Iowa.	V4 45
1547	Dispelling with this fiction that Barack Obama doesn't know what he's doing.	V4 45
1548	Shouting the loudest.	V4 45
1549	Sound fiscal policy.	V4 45
1550	Boxing up my feelings.	BOX
1551	An alternate universe in which boxes store things inside of people.	BOX
1552	Being a motherfucking box.	BOX
1553	The Boxcar Children.	BOX
1554	A box that is conscious and wishes it weren't a box.	BOX
1555	A box within a box.	BOX
1556	A man-shaped box.	BOX
1557	A world without boxes.	BOX
1558	A box of biscuits, a box of mixed biscuits, and a biscuit mixer.	BOX
1559	Former President George W. Box.	BOX
1560	A box without hinges, key, or lid, yet golden treasure inside is hid.	BOX
1561	A box-shaped man.	BOX
1562	The J15 Patriot Assault Box.	BOX
1563	A falcon with a box on its head.	BOX
1564	Two midgets shitting into a box.	BOX
1565	An outbreak of smallbox.	BOX
1566	Something that looks like a box but turns out to be a crate.	BOX
1567	Pandora's vagina.	BOX
1568	A boxing match with a giant box.	BOX
1569	A box.	BOX
1570	Eight beautiful men jerking each other off in front of a fountain.	HIDDN
1571	Ruth Bader Ginsberg brutally gaveling your penis.	HIDDN
1572	A blind, quadriplegic AIDS survivor with face cancer and diarrhea.	HIDDN
1573	Free ice cream forever, or getting fingered by Chris Hemsworth for five minutes.	HIDDN
1574	Digging up Heath Ledger's corpse to reenact the prom scene from Ten Things I Hate About You.	HIDDN
1575	Throwing your hands in the air and waving them despite caring deeply.	HIDDN
1576	Chugging a gallon of milk and then vomiting a gallon of milk.	HIDDN
1577	How wonderful it is when my master throws the ball and I go and get it for him.	HIDDN
1578	Giving ISIS whatever they want so they leave us alone.	HIDDN
1579	Throwing a baby dolphin back into the ocean with a perfect spiral.	HIDDN
1580	Sitting in a jar of vinegar all night because I am pickle.	HIDDN
1581	Hickory-fucked pork ribs smothered in hot garbage.	HIDDN
1582	A homoerotic subplot.	HCARD
1583	The sensitive European photographer who's fucking my wife.	HCARD
1584	An origami swan that's some kind of symbol?	HCARD
1585	Carbon monoxide poisoning.	HCARD
1586	A childless marriage.	HCARD
1587	Ribs so good they transcend race and class.	HCARD
1588	25 shitty jokes about <i>House of Cards.</i>	HCARD
1589	Making it look like a suicide.	HCARD
1590	Forcing a handjob on a dying man.	HCARD
1591	Getting eaten out while on the phone with Dad.	HCARD
1592	My constituents.	HCARD
1593	Strangling a dog to make a point to the audience.	HCARD
1594	Discharging a firearm in a residential area.	HCARD
1595	Performative wokeness.	COLEG
1596	The sound of my roommate masturbating.	COLEG
1597	Rocking a 1.5 GPA.	COLEG
1598	Pretending to have done the reading.	COLEG
1599	Throw up.	COLEG
1600	Uggs, leggings, and a North Face.	COLEG
1601	Valuable leadership experience.	COLEG
1602	Whichever one of you took a shit in the shower.	COLEG
1603	Fucking the beat boxer from the a cappella group.	COLEG
1604	Five morons signing a lease together.	COLEG
1605	Googling how to eat pussy.	COLEG
1606	Sucking a flaccid penis for 20 minutes.	COLEG
1607	My high school boyfriend.	COLEG
1608	A bachelor's degree in communications.	COLEG
1609	Calling mom because it's just really hard and I miss her and I don't know anyone here.	COLEG
1610	Wandering the streets in search of a party.	COLEG
1611	Underage drinking.	COLEG
1612	Young Republicans.	COLEG
1613	A Yale man.	COLEG
1614	An emergency all-floor meeting of inclusion.	COLEG
1615	Going to college and becoming a new person, who has sex.	COLEG
1616	How many Asians there are.	COLEG
1617	A girl who is so interesting that she has blue hair.	COLEG
1618	Falling in love with poetry.	COLEG
1619	Being replaced by a robot.	2014
1620	The events depicted in James Cameron's <i>Avatar.</i>	2014
1621	Blockbuster late fees up the wazoo.	2014
1622	All the poop inside of my body.	2014
1623	A protracted siege.	2014
1624	The diminishing purity of the white race.	2014
1625	Trying to feel something, anything.	2014
1626	A cloud of ash that darkens the Earth for a thousand years.	2014
1627	A vague fear of something called ISIS.	2014
1628	200 years of slavery.	2014
1629	The transience of all things.	2014
1630	Ebola.	2014
1631	Small-town cops with M4 assault rifles.	2014
1632	Rising sea levels consistent with scientific predictions.	2014
1633	What remains of my penis.	2014
1634	Harnessing the miraculous power of the atom to slaughter 200,000 Japanese people.	2014
1635	This groovy new thing called LSD.	2014
1636	Building a ladder of hot dogs to the moon.	2014
1637	Rock music and premarital sex.	2014
1638	The Great Lizard Uprising of 2352.	2014
1639	The dying breath of the last human.	2014
1640	Reading an entire book.	2014
1641	The 9,000 children who starved to death today.	2014
1642	The Bowflex Revolution.	2014
1643	Falling in actual love with a video game character.	MSFX
1644	My complicated backstory that you will soon learn about.	MSFX
1645	The Genophage.	MSFX
1646	Totally fuckable aliens.	MSFX
1647	Running a few errands before saving the galaxy.	MSFX
1648	Bone-shattering sex with a metal woman.	MSFX
1649	Space racism.	MSFX
1650	An emergency induction port.	MSFX
1651	An armored Krogan war-clitoris.	MSFX
1652	An extremely long elevator ride.	MSFX
1653	Forgetting to convert pound-seconds into newton-seconds.	NASA
1654	Uranus.	NASA
1655	A zero-g cumshot.	NASA
1656	Seven minutes of terror.	NASA
1657	A slow, shitty car that drives around Mars for no reason.	NASA
1658	Discovering some bullshit microscopic life instead of anything cool.	NASA
1659	Achieving escape velocity.	NASA
1660	Dreaming of going to space, but being hopelessly fat.	NASA
1661	Dinosaurs who wear armor and you ride them and they kick ass.	FNTSY
1662	Accidentally conjuring a legless horse that can't stop ejaculating.	FNTSY
1663	Shitting in a wizard's spell book and jizzing in his hat.	FNTSY
1664	A Hitachi Magic Wand.	FNTSY
1665	Reading <i>The Hobbit</i> under the covers while mom and dad scream at each other downstairs.	FNTSY
1666	How hot Orlando Bloom was in <i>Lord of the Rings.</i>	FNTSY
1667	A mysterious, floating orb.	FNTSY
1668	Shooting a wizard with a gun.	FNTSY
1669	Hodor.	FNTSY
1670	Make-believe stories for autistic white men.	FNTSY
1671	A magical kingdom with dragons and elves and no black people.	FNTSY
1672	The card Neil Gaiman wrote: \"Three elves at a time.\"	FNTSY
1673	Gender equality.	FNTSY
1674	Going on an epic adventure and learning a valuable lesson about friendship.	FNTSY
1675	True love's kiss.	FNTSY
1676	Eternal darkness.	FNTSY
1677	The all-seeing Eye of Sauron.	FNTSY
1678	Bathing naked in a moonlit grove.	FNTSY
1679	Handcuffing a wizard to a radiator and dousing him with kerosene.	FNTSY
1680	Kneeing a wizard in the balls.	FNTSY
1681	A ghoul.	FNTSY
1682	A weed elemental who gets everyone high.	FNTSY
1683	A gay sorcerer who turns everyone gay.	FNTSY
1684	A CGI dragon.	FNTSY
1685	Freaky, pan-dimensional sex with a demigod.	FNTSY
1686	A dwarf who won't leave you alone until you compare penis sizes.	FNTSY
1687	How many drinks Aunt Deborah has had.	
1688	A snowman that contains the soul of my dead father.	
1689	A choir of angels descending from the sky and jizzing all over dad's sweater.	
1690	Probably Grandma's last Christmas, kids.	
1691	A frozen homeless man shattering on your doorstep.	
1692	Snow falling gently on the frozen body of an orphan boy.	
1693	My uncle who voted for Trump.	
1694	How great of a blowjob Jesus could give.	
1695	Starting to see where ISIS is coming from.	
1696	Fucking up <i>Silent Night</i> in front of 300 parents.	
1697	How cool it is that I love Jesus and he loves me back.	
1698	An immediately regrettable $9 hot dog from the Boston Convention Center.	PE13A
1699	Paying the iron price.	PE13A
1700	Casting Magic Missile at a bully.	PE13A
1701	Rotating shapes in mid-air so that they fit into other shapes when they fall.	PE13A
1702	Firefly: Season 2.	PE13A
1703	Jiggle physics.	PE13A
1704	Getting bitch slapped by Dhalsim.	PE13A
1705	Running out of stamina.	PE13A
1706	Sharpening a foam broadsword on a foam whetstone.	PE13B
1707	The depression that ensues after catching 'em all.	PE13B
1708	Loading from a previous save.	PE13B
1709	The rocket launcher.	PE13B
1710	Getting inside the Horadric Cube with a hot babe and pressing the transmute button.	PE13B
1711	Spending the year's insulin budget on Warhammer 40k figurines.	PE13B
1712	Punching a tree to gather wood.	PE13B
1713	Violating the First Law of Robotics.	PE13B
1714	Charging up all the way.	PE13C
1715	Vespene gas.	PE13C
1716	Wil Wheaton crashing an actual spaceship.	PE13C
1717	The Klobb.	PE13C
1718	Achieving 500 actions per minute.	PE13C
1719	Smashing all the pottery in a Pottery Barn in search of rupees.	PE13C
1720	Forgetting to eat, and consequently dying.	PE13C
1721	Judging elves by the color of their skin and not by the content of their character.	PE13C
1722	Kevin Bacon Bits.	FOOD
1723	Being emotionally and physically dominated by Gordon Ramsay.	FOOD
1724	A belly full of hard-boiled eggs.	FOOD
1725	Kale farts.	FOOD
1726	Clamping down on a gazelle's jugular and tasting its warm life waters.	FOOD
1727	A table for one at The Cheesecake Factory.	FOOD
1728	The hot dog I put in my vagina ten days ago.	FOOD
1729	The Dial-A-Slice Apple Divider from Williams-Sonoma.	FOOD
1730	Oreos for dinner.	FOOD
1731	A joyless vegan patty.	FOOD
1732	Soup that's better than pussy.	FOOD
1733	The Hellman's Mayonnaise Corporation.	FOOD
1734	Going vegetarian and feeling so great all the time.	FOOD
1735	Not knowing what to believe anymore about butter.	FOOD
1736	A sobering quantity of chili cheese fries.	FOOD
1737	Licking the cake batter off of grandma's fingers.	FOOD
1738	Real cheese flavor.	FOOD
1739	Swishing the wine around and sniffing it like a big fancy man.	FOOD
1740	Sucking down thousands of pounds of krill every day.	FOOD
1741	The inaudible screams of carrots.	FOOD
1742	Committing suicide at the Old Country Buffet.	FOOD
1743	What to do with all of this chocolate on my penis.	FOOD
1744	Father's forbidden chocolates.	FOOD
1745	Jizz Twinkies.	FOOD
1746	Tapping Serra Angel.	13PAX
1747	The gravity gun.	13PAX
1748	Never watching, discussing, or thinking about My Little Pony.	13PAX
1749	Reading the comments.	13PAX
1750	The Sarlacc.	13PAX
1751	Unlocking a new sex position.	13PAX
1752	Being an attractive elf trapped in an unattractive human's body.	13PAX
1753	Bowser's aching heart.	13PAX
1754	Charles Barkley Shut Up and Jam!	13PAX
1755	70,000 games sweating and farting inside an airtight steel dome.	13PAX
1756	The collective wail of every <i>Magic</i> player suddenly realizing that they've spent hundreds of dollars on pieces of cardboard.	13PAX
1757	Legendary Creature -- Robert Khoo.	13PAX
1758	Allowing nacho cheese to curdle in your beard while you creep in League of Legends.	13PAX
1759	Winning the approval of Cooking Mama that you never got from actual mama.	13PAX
1760	Temporary invincibility.	13PAX
1761	Full HD.	13PAX
1762	The boner hatch in the Iron Man suit.	13PAX
1763	Buying virtual clothes for a Sim family instead of real clothes for a real family.	13PAX
1764	An angry stone head that stomps on the floor every three seconds.	13PAX
1765	Offering sexual favors for an ore and a sheep.	13PAX
1766	Turn-of-the-century-sky racists.	13PAX
1767	Getting into a situation with an owlbear.	13PAX
1768	Grand Theft Auto: Fort Lauderdale.	13PAX
1769	Achieving the manual dexterity and tactical brilliance of a 12-year-old Korean boy.	13PAX
1770	The decade of legal inquests following a single hour of Grand Theft Auto.	13PAX
1771	SNES cartridge cleaning fluid.	13PAX
1772	Eating a pizza that's lying in the street to gain health.	13PAX
1773	Mario Kart rage.	13PAX
1774	A homemade, cum-stained <i>Star Trek</i> uniform.	13PAX
1775	Google Glass + e-cigarette: Ultimate Combo!	13PAX
1776	Yoshi's huge egg-laying cloaca.	13PAX
1777	A fully-dressed female videogame character.	13PAX
1778	Nude-modding Super Mario World.	13PAX
1779	A madman who lives in a policebox and kidnaps women.	13PAX
1780	Filling every pouch of a UtiliKilt&trade; with pizza.	13PAX
1781	The Cock Ring of Alacrity.	13PAX
1782	Rolling a D20 to save a failing marriage.	13PAX
1783	Getting bitten by a radioactive spider and then battling leukemia for 30 years.	GEEK
1784	Separate drinking fountains for dark elves.	GEEK
1785	Stuffing my balls into a Sega Genesis and pressing the power button.	GEEK
1786	Ser Jorah Mormont's cerulean-blue balls.	GEEK
1787	A grumpy old Harrison Ford who'd rather be doing anything else.	GEEK
1788	Taking 2d6 emotional damage.	GEEK
1789	KHAAAAAAAAAN!	GEEK
1790	Endless ninjas.	GEEK
1791	Demons and shit.	14PAX
1792	Collecting all seven power crystals.	14PAX
1793	Xena, Warrior Princess.	14PAX
1794	The old gods.	14PAX
1795	The Star Wars Universe.	14PAX
1796	The imagination of Peter Jackson.	14PAX
1797	Lagging out.	14PAX
1798	All of the good times and premium gaming entertainment available to you in the Kickstarter room.	14PAX
1799	Attacking from Kamchatka.	14PAX
1800	The pure, Zen-like state that exists between micro and macro.	14PAX
1801	Mistakenly hitting on a <i>League of Legends</i> statue.	14PAX
1802	A giant mechanical bird with a tragic backstory.	14PAX
1803	Whatever <i>Final Fantasy</i> bullshit happened this year.	14PAX
1804	Futuristic death sports.	14PAX
1805	Resurrecting an army of six million Jews and conquering Germany.	JEW
1806	The part of Anne Frank's diary where she talks about her vagina.	JEW
1807	Sacrificing Isaac to the Lord.	JEW
1808	The ethical implications of enjoying a Woody Allen film in light of the allegations against him.	JEW
1809	Chopping off a bit of the penis.	JEW
1810	Some kind of concentrated encampment for people.	JEW
1811	Pork products.	JEW
1812	Wandering the desert for 40 years.	JEW
1813	What it means to be a Jewish woman in contemporary society.	JEW
1814	Suddenly remembering that the Holocaust happened.	JEW
1815	Thy neighbor's wife.	JEW
1816	Holding up the line at Walgreens by trying to use an expired coupon.	JEW
1817	Demolishing that ass like a Palestinian village.	JEW
1818	Being chosen by God to win a free iPod Nano.	JEW
1819	A little bit of schmutz right there.	JEW
1820	Torturing Jews until they say they're not Jews anymore.	JEW
1821	A lifetime of internalized guilt.	JEW
1822	A three-foot-tall corned beef sandwich.	JEW
1823	Usury.	JEW
1824	Hiding from the Nazis.	JEW
1825	Bags of money.	JEW
1826	The blood of Christian babies.	JEW
1827	A headache that's definitely cancer.	JEW
1828	A big brain full of facts and sadness.	JEW
1829	Whoopi Goldberg.	JEW
1830	Whipping lower-class white men into a xenophobic frenzy.	PST45
1831	Extra rations for my little girl.	PST45
1832	Roaming through a wasteland of windblown trash and deserted highways.	PST45
1833	Drinking urine to survive.	PST45
1834	A legitimate reason to commit suicide.	PST45
1835	Burying my only son.	PST45
1836	Desperately hurling insults at Donald Trump as he absorbs them into his rapidly expanding body.	PST45
1837	Trying to remember what music was.	PST45
1838	Casual dismissiveness.	PST45
1839	Finding out that democracy might not be such a great idea.	PST45
1840	A father and son fighting each other over the last scrap of bread.	PST45
1841	Mild amusement.	PST45
1842	A back-alley abortion from a Mexican cyborg doctor.	PST45
1843	Rage.	PST45
1844	World Wards 3 through 5.	PST45
1845	President Donald Trump.	PST45
1846	Making Islam illegal.	PST45
1847	Trying to wake up from this nightmare.	PST45
1848	The purging of the disloyal.	PST45
1849	Nuclear winter.	PST45
1850	Bringing millions of dangerous, low-paying manufacturing jobs back to America.	PST45
1851	A gnawing sense of dread.	PST45
1852	Period globs.	.
1853	Always&reg; Infinity Extra Heavy Overnight Pads with Wings.	.
1854	Wringing out a sopping wet maxi pad in Donald Trump's mouth.	.
1855	Playing with my pussy while I watch TV.	.
1856	An emotionally draining friendship.	.
1857	Post-partum depression.	.
1858	Full bush.	.
1859	Drinking Beyonce's DivaCup and becoming immortal.	.
1860	Feeling lots of feelings.	.
1861	Carrying a fetus to term.	.
1862	Eating three sleeves of Chips Ahoy!	.
1863	Destroying a pair of underwear.	.
1864	Masturbating with a Sonicare.	.
1865	How bloody that dick's about to be.	.
1866	The vagina hole.	.
1867	Dancing carefree in white linen pants.	.
1868	Pussy lips of all shapes and sizes.	.
1869	Using a Smucker's Uncrustable&trade; as a maxi pad.	.
1870	Pulling out a never-ending tampon.	.
1871	Catching a whiff of my vag.	.
1872	A diverse group of female friends casually discussing the side effects of birth control.	.
1873	A woman president.	.
1874	Driving my daughter to her abortion.	.
1875	Feeling bloaty and crampy.	.
1876	Caribbean Jesus.	RJECT
1877	Corn.	RJECT
1878	Super yoga.	RJECT
1879	A sexy naked interactive theater thing.	RJECT
1880	Actually believing that the Bible happened.	RJECT
1881	A giant squid in a wedding gown.	RJECT
1882	A heart that is two sizes too small and that therefore cannot pump an adequate amount of blood.	RJECT
1883	Ejaculating a pound of tinsel.	RJECT
1884	Crawling into a vagina.	RJECT
1885	Faking a jellyfish sting so someone will pee on you.	RJECT
1886	My dick in your mouth.	RJECT
1887	Asshole pomegranates that are hard to eat.	RJECT
1888	The John D. and Catherine T. MacArthur Foundation.	RJECT
1889	Dividing by zero.	RJECT
1890	Becoming so rich that you shed your body and turn into vapor.	RJECT
1891	Playing an ocarina to summon Ultra-Congress from the sea.	RJECT
1892	Feeding a man a pie made of his own children.	RTAIL
1893	Ironically buying a trucker hat and then ironically being a trucker for 38 years.	RTAIL
1894	A teenage boy gunning for a handjob.	RTAIL
1895	Going too far with science and bad things happening.	SCIFI
1896	Frantically writing equations on a chalkboard.	SCIFI
1897	An alternate history where Hitler was gay but he still killed all those people.	SCIFI
1898	A hazmat suit full of farts.	SCIFI
1899	That girl from the Hungry Games.	SCIFI
1900	Funkified aliens from the planet Groovius.	SCIFI
1901	The ending of <i>Lost.</i>	SCIFI
1902	Vulcan sex-madness.	SCIFI
1903	Three boobs.	SCIFI
1904	A misty room full of glistening egg sacs.	SCIFI
1905	Cheerful blowjob robots.	SCIFI
1906	How great of a movie <i>Men in Black</i> was.	SCIFI
1907	A planet-devouring space worm named Rachel.	SCIFI
1908	Beep beep boop beep boop.	SCIFI
1909	Nine seasons of sexual tension with David Duchovny.	SCIFI
1910	Darmok and Jalad at Tanagra.	SCIFI
1911	A protagonist with no qualities.	SCIFI
1912	The dystopia we're living in right now.	SCIFI
1913	Cosmic bowling.	SCIFI
1914	Masturbating Yoda's leathery turtle-penis.	SCIFI
1915	Laying thousands of eggs in a man's colon.	SCIFI
1916	Trimming poop out of Chewbacca's butt hair.	SCIFI
1917	Sandwich.	RJCT2
1918	At least three ducks.	RJCT2
1919	Mushy tushy.	RJCT2
1920	Saving the Rainforest Cafe.	RJCT2
1921	Becoming engorged with social justice jelly and secreting a thinkpiece.	RJCT2
1922	That one leftover screw.	RJCT2
1923	Greg Kinnear's terrible lightning breath.	RJCT2
1924	Sir Thomas More's Fruitopia.&trade;	RJCT2
1925	Mr. and Mrs. Tambourine Man's jingle-jangle morning sex.	RJCT2
1926	The spooky skeleton under my skin.	RJCT2
1927	A double murder suicide barbeque.	RJCT2
1928	Sweating it out on the streets of a runaway American Dream.	RJCT2
1929	Disco Mussolini.	RJCT2
1930	That thing politicians do with their thumbs when they talk.	RJCT2
1931	These dolphins.	RJCT2
1932	A dick so big and so black that not even light can escape its pull.	RJCT2
1933	Being the absolute worst.	RJCT2
1934	A primordial soup and salad bar.	RJCT2
1935	Three hairs from the silver-golden head of Galadriel.	RJCT2
1936	A stack of bunnies in a trenchcoat.	RJCT2
1937	Mitt Romney's eight sons Kip, Sam, Trot, Fergis, Toolshed, Grisham, Hawkeye, and Thorp.	RJCT2
1938	Ringo Starr &amp; His All-Starr Band.	RJCT2
1939	The token lesbian.	RJCT2
1940	Water so cold it turned into a rock.	RJCT2
1941	Being knowledgeable in a narrow domain that nobody understands or cares about.	SCI
1942	A supermassive black hole.	SCI
1943	A 0.7 waist-to-hip ratio.	SCI
1944	The quiet majesty of the sea turtle.	SCI
1945	Photosynthesis.	SCI
1946	Getting really worried about global warming for a few seconds.	SCI
1947	Infinity.	SCI
1948	Reconciling quantum theory with general relativity.	SCI
1949	Driving into a tornado to learn about tornadoes.	SCI
1950	Explosive decompression.	SCI
1951	Oxytocin release via manual stimulation of the nipples.	SCI
1952	Developing secondary sex characteristics.	SCI
1953	David Attenborough watching us mate.	SCI
1954	Achieving reproductive success.	SCI
1955	Electroejaculating a capuchin monkey.	SCI
1956	Insufficient serotonin.	SCI
1957	Slowly evaporating.	SCI
1958	Failing the Turing test.	SCI
1959	Evolving a labyrinthe vagina.	SCI
1960	Fun and interesting facts about rocks.	SCI
1961	The Sun engulfing the Earth.	SCI
1962	3.7 billion years of evolution.	SCI
1963	A Pringles&reg; can full of screams.	RTPRD
1964	A framed photocopy of an oil painting of Paris, France.	RTPRD
1965	Buying the right toothbrush cup for my lifestyle.	RTPRD
1966	Shiny gadgets for sadness distraction.	RTPRD
1967	Saving 20% or more on khakis.	RTPRD
1968	How fun it is to eat Pringles&reg;.	RTPRD
1969	Refusing to go up a size.	RTPRD
1970	An exclusive partnership with Taylor Swift.	RTPRD
1971	An 800-foot-long pool noodle.	RTPRD
1972	Confusing possessions with accomplishments.	RTPRD
1973	Blood Pringles&reg;.	RTPRD
1974	Crunchy snacks for my big flappy mouth.	RTPRD
1975	A Pringle&reg;.	RTPRD
1976	Subsisting on tiny pizzas.	RTPRD
1977	Extracting the maximum amount of money from naive consumers.	RTPRD
1978	The obscene amount of money Cards Against Humanity is making by selling this game at Target.&reg;	RTPRD
1979	Gender-neutral toys that make children feel no emotions whatsoever.	RTPRD
1980	Getting eaten out in the family fitting room.	RTPRD
1981	Buying and returning clothes just to have someone to talk to.	RTPRD
1982	A marriage-destroying game of <i>The Resistance</i> .	TBLTP
1983	SIX GOD DAMN HOURS OF FUCKING DIPLOMACY.	TBLTP
1984	Condensing centuries of economic exploitation into 90 minutes of gaming fun.	TBLTP
1985	Spending 8 years in the Himalayas becoming a master of dice-rolling and resource allocation.	TBLTP
1986	A disappointing season of Tabletop that's just about tables.	TBLTP
1987	A zombie with a tragic backstory.	TBLTP
1988	A Wesley Crusher blow-up doll.	TBLTP
1989	The porn set that Tabletop is filmed on.	TBLTP
1990	An owlbear.	TBLTP
1991	The pooping position.	TBLTP
1992	A German-style board game where you invade Poland.	TBLTP
1993	Victory points.	TBLTP
1994	How bright the sun is.	WEED
1995	Grinning like an idiot.	WEED
1996	Smoking a blunt butt-ass naked.	WEED
1997	Forgetting to breathe and then dying.	WEED
1998	Dank ass cancer weed.	WEED
1999	Snoop Dogg.	WEED
2000	A whole cheese pizza just for me.	WEED
2001	Dicking around on the guitar for an hour.	WEED
2002	Cheesy crunchies.	WEED
2003	Whatever the fuck I was just talking about.	WEED
2004	Ancient aliens.	WEED
2005	Huge popcorn nugs of hairy alien weed.	WEED
2006	Too much edibles.	WEED
2007	An eight-foot man smoking a six-foot bong.	WEED
2008	Unbelievably soft carpet.	WEED
2009	Dropping stuff and knocking everything over.	WEED
2010	My own fingers.	WEED
2011	The banks, the media, the entire system, man.	WEED
2012	A sandwich with Cheetos in it!	WEED
2013	A bong rip so massive it restores justice to the kingdom.	WEED
2014	Being too high for airplane.	WEED
2015	Hot tub.	WEED
2016	Eating all the skin off a rotisserie chicken.	WEED
2017	Smoking a joint with former President Barack Obama.	WEED
2018	Getting high and watching <i>Planet Earth.</i>	WEED
2019	A fun, sexy time at the nude beach.	WWW
2020	A complete inability to understand anyone else's perspective.	WWW
2021	Three years of semen in a shoebox.	WWW
2022	A respectful discussion of race and gender on the Internet.	WWW
2023	Taking a shit while running at full speed.	WWW
2024	A night of Taco Bell and anal sex.	WWW
2025	Googling.	WWW
2026	Smash Mouth.	WWW
2027	A man from Craigslist.	WWW
2028	My browser history.	WWW
2029	Getting teabagged by a fifth grader in <i>Call of Duty.</i>	WWW
2030	My privileged white penis.	WWW
2031	Internet porn analysis paralysis.	WWW
2032	YouTube comments.	WWW
2033	Pretending to be black.	WWW
2034	That thing on the Internet everyone's talking about.	WWW
2035	Goats screaming like people.	WWW
2036	Destroying Dick Cheney's last horcrux.	WWW
2037	Game of Thrones spoilers.	WWW
2038	Cat massage.	WWW
2039	Matching with Mom on Tinder.	WWW
2040	Veiled references to kinky sex.	SAVVY
2041	Around 1.1 Batmen.	SAVVY
2042	Everybody having a crush on Aetheria.	SAVVY
2043	Mentioning The Big App-ocalypse around people who never played it.	SAVVY
2044	Figuring out where Gwen went.	SAVVY
2045	Another goddamn Apocalypse World campaign.	SAVVY
2046	\"Howard, the friendly space octopus.\"	SAVVY
2047	Never running Lasers and Feelings.	SAVVY
2048	Losing page 27.	SAVVY
2049	Gaming IN SPACE.	SAVVY
2050	The palpable homoerotic tension between Tuckus and Wes.	SAVVY
2051	Self-immolation.	SAVVY
2052	Being overcome by the ecstatic sensation of gamers delight.	SAVVY
2053	An overpowering distaste for D&D.	SAVVY
2054	Homebrewing yet another one-page RPG instead of working on a proper campaign.	SAVVY
2055	Cats doing cute cat things.	SAVVY
2056	The extradimensional spacetime anomaly known only as Wes.	SAVVY
2057	Cai finally embracing the limitless potential of terrible puns.	SAVVY
2058	Playing Coup until your eyeballs fall out.	SAVVY
2059	Finally becoming one of the PAX Peeps.	SAVVY
2060	Reading the wrong short story for BOOKS.	SAVVY
2061	Dungeon World: THE ADVENTURE IS REAL.	SAVVY
2062	A highly enthusiastic guided missile.	SAVVY
2063	Trying to say something clever or intellectual and spitting out word soup instead.	SAVVY
2064	Never using the sex move.	SAVVY
2065	Anything remotely resembling cyberpunk.	SAVVY
2066	Having flashbacks to high school when you hear Insights scarily accurate DJ voice.	SAVVY
2067	The brownie Cai owes Tuckus.	SAVVY
2068	Making Spotify playlists with your real name attached.	SAVVY
2069	Coming up with new ways to say Burning Wheel.	SAVVY
2070	The terrible realization that your mic has been muted the whole time.	SAVVY
2071	The terrible realization that your mic has NOT been muted the whole time.	SAVVY
2072	Voice chatting from a hot tub.	SAVVY
2073	Choosing the wrong playbook for the campaign.	SAVVY
2074	Polyhedral pastries.	SAVVY
2075	A horrifying tardigrade-pusheen combo.	SAVVY
2076	The Secret Service agents tailing Acat and littlebaron. 	SAVVY
2077	Way too many time zones.	SAVVY
2078	Getting everyone to fill out the When Is Good.	SAVVY
2079	System Savvy Goes To The Movies.	SAVVY
2080	The 372 hyperspace jumps it will take to reach your destination.	SAVVY
2081	Claiming to be an officer in the Imperial Navy just to get free swag.	SAVVY
2082	Skippy getting tea during the break.	SAVVY
2083	Setting the ocean on fire.	SAVVY
2084	Getting up from your PC while everyones waiting for you to read the white cards.	SAVVY
2085	\"PiCat slipping into her Canadian accent, eh?\"	SAVVY
2086	A surprise guest appearance from EVs cats.	SAVVY
2087	Assuming someones talking to you when theyre really talking to their cat.	SAVVY
2088	Being the one person in System Savvy without a cat.	SAVVY
2089	Not naming your cat after a racial slur just to flex on HP Lovecraft.	SAVVY
2090	\"All the inactive members, forever beyond our reach.\"	SAVVY
2091	The smooth sounds of an impromptu talk-show hosted by Tuckus the Ruckus and Cai Everlasting.	SAVVY
2092	Emotional support Tuckus.	SAVVY
2093	Craig saying NOW RECORDING and scaring the shit out of everyone.	SAVVY
2094	Scheduling the next game at 7 AM instead of 7 PM.	SAVVY
2095	An incredibly promising plot hook that doesnt go anywhere.	SAVVY
2096	Stealing another players signature phrase.	SAVVY
2097	2000% off hot cocoa!	SAVVY
2098	\"Wondering if, someday, youll ever be friends with people not over the internet.\"	SAVVY
2099	\"Shedding your meatsuit to become pure, unshackled data.\"	SAVVY
2100	Not really understanding what West Marches is.	SAVVY
2101	An Eclipse Phase headache. 	SAVVY
2102	Becoming active on the server and immediately getting the Game Master role.	SAVVY
2103	The summoning name of a ghost burned into your memory.	SAVVY
2104	A vast and deadly patience.	SAVVY
2105	Talking over someone who probably had some really good points to make.	SAVVY
2106	Another inspiring speech by Cai.	SAVVY
2107	Going to Mars and only getting a lousy T-shirt.	SAVVY
2108	Yet another joke about Insights name.	SAVVY
2109	Majestic floof.	SAVVY
2110	Littlebarons new moodboard.	SAVVY
2111	\"Poor, poor Kettle.\"	SAVVY
2112	Saladin the Paladin.	SAVVY
2113	Nonstandard space-time.	SAVVY
2114	Blindsight by Peter Watts.	SAVVY
2115	Way too much C4.	SAVVY
2116	CYBERCATS.	SAVVY
2117	DULUTHPUNK!	SAVVY
2118	NyomCat.	SAVVY
2119	Boats.	SAVVY
2120	The conspicuous absence of boats.	SAVVY
2121	A space opera where every planet only has one biome.	SAVVY
2122	A sincere affection for Lovecraftian monstrosities.	SAVVY
2123	Getting in some social interaction today from the comfort of your own bed.	SAVVY
2124	eV having to dissect too many brains to play an upset teenager.	SAVVY
2125	Being unable to gauge how upset Keylee is when she says Rude!	SAVVY
2126	The power move that is posting a link to Coup right before everyone was gonna go to bed.	SAVVY
2127	Realizing youre roleplaying a scientist or programmer with scientists or programmers.	SAVVY
2128	The inevitable PiCat NPC cameo.	SAVVY
2129	Arriving in voice chat just in time for everyone to go to bed.	SAVVY
2130	The thousands of Kerbal lives at the heart of our countrys space program.	SAVVY
2131	\"A doctor, their ex-wife, an aspiring criminal mastermind, a chainsaw massacre, a whalewitch, and their submarine baby.\"	SAVVY
2132	Weird brain stuff.	SAVVY
2133	Turning into an alien tree.	SAVVY
2134	Rolling 2d6 + hot.	SAVVY
2135	Insights incurable innuendos.	SAVVY
2136	Hanging out on voice chat when you have work to do but want to be distracted.	SAVVY
2137	The one way-time machine of System Savvy voice chat.	SAVVY
2138	A full story arc collectively told through the medium of puns.	SAVVY
2139	A surprising lack of familiarity with the source material.	SAVVY
2140	Standing in the rain making potions for twelve hours.	SAVVY
2141	Fightamins.	SAVVY
2142	Wanting to go home.	SAVVY
2143	Failing the Turing test.	SAVVY
2144	Narrating mundane dialog while literally burning to death.	SAVVY
2145	D&DandMe.	SAVVY
2146	A silent charging elephant.	SAVVY
2147	Way too much seafloor.	SAVVY
2148	A grand and intoxicating innocence.	SAVVY
2149	Skippy churning ice cream during the break.	SAVVY
2150	Arbitrarily renaming the voice channels.	SAVVY
2151	Donating your body to magic.	SAVVY
2152	U.Cat accidentally stumbling upon the correct answer.	SAVVY
2153	Screaming and German flags everywhere.	SAVVY
2154	\"Unintended consequences, cane toads, British petroleum, and causal loop diagrams.\"	SAVVY
2155	Actually having two assassins.	SAVVY
2156	Almost making out with your clone.	SAVVY
2157	The Great Rebooking of 2020.	SAVVY
2158	Guessing which microphone Kaz is coming out of.	SAVVY
2159	dj keylee feat. based god pablo.	SAVVY
2160	A mummy fucking a shoggoth.	SAVVY
2161	Getting tucked in by your friends~	SAVVY
